[
  {
    "label": "America(USA)(美国)",
    "value": "US",
    "children": [
      {
        "id": 2830,
        "countryCode": "US",
        "name": "Alabama",
        "code": "AL"
      },
      {
        "id": 2831,
        "countryCode": "US",
        "name": "Alaska",
        "code": "AK"
      },
      {
        "id": 2832,
        "countryCode": "US",
        "name": "Arizona",
        "code": "AZ"
      },
      {
        "id": 2833,
        "countryCode": "US",
        "name": "Arkansas",
        "code": "AR"
      },
      {
        "id": 2834,
        "countryCode": "US",
        "name": "California",
        "code": "CA"
      },
      {
        "id": 2835,
        "countryCode": "US",
        "name": "Colorado",
        "code": "CO"
      },
      {
        "id": 2836,
        "countryCode": "US",
        "name": "Connecticut",
        "code": "CT"
      },
      {
        "id": 2837,
        "countryCode": "US",
        "name": "Delaware",
        "code": "DE"
      },
      {
        "id": 2838,
        "countryCode": "US",
        "name": "District of Columbia",
        "code": "DC"
      },
      {
        "id": 2839,
        "countryCode": "US",
        "name": "Florida",
        "code": "FL"
      },
      {
        "id": 2840,
        "countryCode": "US",
        "name": "Georgia",
        "code": "GA"
      },
      {
        "id": 2841,
        "countryCode": "US",
        "name": "Hawaii",
        "code": "HI"
      },
      {
        "id": 2842,
        "countryCode": "US",
        "name": "Idaho",
        "code": "ID"
      },
      {
        "id": 2843,
        "countryCode": "US",
        "name": "Illinois",
        "code": "IL"
      },
      {
        "id": 2844,
        "countryCode": "US",
        "name": "Indiana",
        "code": "IN"
      },
      {
        "id": 2845,
        "countryCode": "US",
        "name": "Iowa",
        "code": "IA"
      },
      {
        "id": 2846,
        "countryCode": "US",
        "name": "Kansas",
        "code": "KS"
      },
      {
        "id": 2847,
        "countryCode": "US",
        "name": "Kentucky",
        "code": "KY"
      },
      {
        "id": 2848,
        "countryCode": "US",
        "name": "Louisiana",
        "code": "LA"
      },
      {
        "id": 2849,
        "countryCode": "US",
        "name": "Maine",
        "code": "ME"
      },
      {
        "id": 2850,
        "countryCode": "US",
        "name": "Maryland",
        "code": "MD"
      },
      {
        "id": 2851,
        "countryCode": "US",
        "name": "Massachusetts",
        "code": "MA"
      },
      {
        "id": 2852,
        "countryCode": "US",
        "name": "Michigan",
        "code": "MI"
      },
      {
        "id": 2853,
        "countryCode": "US",
        "name": "Minnesota",
        "code": "MN"
      },
      {
        "id": 2854,
        "countryCode": "US",
        "name": "Mississippi",
        "code": "MS"
      },
      {
        "id": 2855,
        "countryCode": "US",
        "name": "Missouri",
        "code": "MO"
      },
      {
        "id": 2856,
        "countryCode": "US",
        "name": "Montana",
        "code": "MT"
      },
      {
        "id": 2857,
        "countryCode": "US",
        "name": "Nebraska",
        "code": "NE"
      },
      {
        "id": 2858,
        "countryCode": "US",
        "name": "Nevada",
        "code": "NV"
      },
      {
        "id": 2859,
        "countryCode": "US",
        "name": "New Hampshire",
        "code": "NH"
      },
      {
        "id": 2860,
        "countryCode": "US",
        "name": "New Jersey",
        "code": "NJ"
      },
      {
        "id": 2861,
        "countryCode": "US",
        "name": "New Mexico",
        "code": "NM"
      },
      {
        "id": 2862,
        "countryCode": "US",
        "name": "New York",
        "code": "NY"
      },
      {
        "id": 2863,
        "countryCode": "US",
        "name": "North Carolina",
        "code": "NC"
      },
      {
        "id": 2864,
        "countryCode": "US",
        "name": "North Dakota",
        "code": "ND"
      },
      {
        "id": 2865,
        "countryCode": "US",
        "name": "Ohio",
        "code": "OH"
      },
      {
        "id": 2866,
        "countryCode": "US",
        "name": "Oklahoma",
        "code": "OK"
      },
      {
        "id": 2867,
        "countryCode": "US",
        "name": "Oregon",
        "code": "OR"
      },
      {
        "id": 2868,
        "countryCode": "US",
        "name": "Pennsylvania",
        "code": "PA"
      },
      {
        "id": 3396,
        "countryCode": "US",
        "name": "Puerto Rico",
        "code": "PR"
      },
      {
        "id": 2869,
        "countryCode": "US",
        "name": "Rhode Island",
        "code": "RI"
      },
      {
        "id": 2870,
        "countryCode": "US",
        "name": "South Carolina",
        "code": "SC"
      },
      {
        "id": 2871,
        "countryCode": "US",
        "name": "South Dakota",
        "code": "SD"
      },
      {
        "id": 2872,
        "countryCode": "US",
        "name": "Tennessee",
        "code": "TN"
      },
      {
        "id": 2873,
        "countryCode": "US",
        "name": "Texas",
        "code": "TX"
      },
      {
        "id": 2874,
        "countryCode": "US",
        "name": "Utah",
        "code": "UT"
      },
      {
        "id": 2875,
        "countryCode": "US",
        "name": "Vermont",
        "code": "VT"
      },
      {
        "id": 2876,
        "countryCode": "US",
        "name": "Virginia",
        "code": "VA"
      },
      {
        "id": 2877,
        "countryCode": "US",
        "name": "Washington",
        "code": "WA"
      },
      {
        "id": 2878,
        "countryCode": "US",
        "name": "West Virginia",
        "code": "WV"
      },
      {
        "id": 2879,
        "countryCode": "US",
        "name": "Wisconsin",
        "code": "WI"
      },
      {
        "id": 2880,
        "countryCode": "US",
        "name": "Wyoming",
        "code": "WY"
      }
    ]
  },
  {
    "label": "Canada(加拿大)",
    "value": "CA",
    "children": [
      {
        "id": 366,
        "countryCode": "CA",
        "name": "Alberta",
        "code": "AB"
      },
      {
        "id": 367,
        "countryCode": "CA",
        "name": "British Columbia",
        "code": "BC"
      },
      {
        "id": 368,
        "countryCode": "CA",
        "name": "Manitoba",
        "code": "MB"
      },
      {
        "id": 369,
        "countryCode": "CA",
        "name": "New Brunswick",
        "code": "NB"
      },
      {
        "id": 370,
        "countryCode": "CA",
        "name": "Newfoundland and Labrador",
        "code": "NL"
      },
      {
        "id": 371,
        "countryCode": "CA",
        "name": "Northwest Territories",
        "code": "NT"
      },
      {
        "id": 372,
        "countryCode": "CA",
        "name": "Nova Scotia",
        "code": "NS"
      },
      {
        "id": 373,
        "countryCode": "CA",
        "name": "Nunavut",
        "code": "NU"
      },
      {
        "id": 374,
        "countryCode": "CA",
        "name": "Ontario",
        "code": "ON"
      },
      {
        "id": 375,
        "countryCode": "CA",
        "name": "Prince Edward Island",
        "code": "PE"
      },
      {
        "id": 376,
        "countryCode": "CA",
        "name": "Quebec",
        "code": "QC"
      },
      {
        "id": 377,
        "countryCode": "CA",
        "name": "Saskatchewan",
        "code": "SK"
      },
      {
        "id": 378,
        "countryCode": "CA",
        "name": "Yukon",
        "code": "YT"
      }
    ]
  },
  {
    "label": "Mexico(墨西哥)",
    "value": "MX",
    "children": [
      {
        "id": 1629,
        "countryCode": "MX",
        "name": "Aguascalientes",
        "code": "AGU"
      },
      {
        "id": 1630,
        "countryCode": "MX",
        "name": "Baja California",
        "code": "BCN"
      },
      {
        "id": 1631,
        "countryCode": "MX",
        "name": "Baja California Sur",
        "code": "BCS"
      },
      {
        "id": 1632,
        "countryCode": "MX",
        "name": "Campeche",
        "code": "CAM"
      },
      {
        "id": 1633,
        "countryCode": "MX",
        "name": "Chiapas",
        "code": "CHP"
      },
      {
        "id": 1634,
        "countryCode": "MX",
        "name": "Chihuahua",
        "code": "CHH"
      },
      {
        "id": 1635,
        "countryCode": "MX",
        "name": "Ciudad de Mexico",
        "code": "CMX"
      },
      {
        "id": 1636,
        "countryCode": "MX",
        "name": "Coahuila de Zaragoza",
        "code": "COA"
      },
      {
        "id": 1637,
        "countryCode": "MX",
        "name": "Colima",
        "code": "COL"
      },
      {
        "id": 1638,
        "countryCode": "MX",
        "name": "Durango",
        "code": "DUR"
      },
      {
        "id": 1639,
        "countryCode": "MX",
        "name": "Guanajuato",
        "code": "GUA"
      },
      {
        "id": 1640,
        "countryCode": "MX",
        "name": "Guerrero",
        "code": "GRO"
      },
      {
        "id": 1641,
        "countryCode": "MX",
        "name": "Hidalgo",
        "code": "HID"
      },
      {
        "id": 1642,
        "countryCode": "MX",
        "name": "Jalisco",
        "code": "JAL"
      },
      {
        "id": 1643,
        "countryCode": "MX",
        "name": "Mexico",
        "code": "MEX"
      },
      {
        "id": 1644,
        "countryCode": "MX",
        "name": "Michoacan de Ocampo",
        "code": "MIC"
      },
      {
        "id": 1645,
        "countryCode": "MX",
        "name": "Morelos",
        "code": "MOR"
      },
      {
        "id": 1646,
        "countryCode": "MX",
        "name": "Nayarit",
        "code": "NAY"
      },
      {
        "id": 1647,
        "countryCode": "MX",
        "name": "Nuevo Leon",
        "code": "NLE"
      },
      {
        "id": 1648,
        "countryCode": "MX",
        "name": "Oaxaca",
        "code": "OAX"
      },
      {
        "id": 1649,
        "countryCode": "MX",
        "name": "Puebla",
        "code": "PUE"
      },
      {
        "id": 1650,
        "countryCode": "MX",
        "name": "Queretaro",
        "code": "QUE"
      },
      {
        "id": 1651,
        "countryCode": "MX",
        "name": "Quintana Roo",
        "code": "ROO"
      },
      {
        "id": 1652,
        "countryCode": "MX",
        "name": "San Luis Potosi",
        "code": "SLP"
      },
      {
        "id": 1653,
        "countryCode": "MX",
        "name": "Sinaloa",
        "code": "SIN"
      },
      {
        "id": 1654,
        "countryCode": "MX",
        "name": "Sonora",
        "code": "SON"
      },
      {
        "id": 1655,
        "countryCode": "MX",
        "name": "Tabasco",
        "code": "TAB"
      },
      {
        "id": 1656,
        "countryCode": "MX",
        "name": "Tamaulipas",
        "code": "TAM"
      },
      {
        "id": 1657,
        "countryCode": "MX",
        "name": "Tlaxcala",
        "code": "TLA"
      },
      {
        "id": 1658,
        "countryCode": "MX",
        "name": "Veracruz de Ignacio de la Llave",
        "code": "VER"
      },
      {
        "id": 1659,
        "countryCode": "MX",
        "name": "Yucatan",
        "code": "YUC"
      },
      {
        "id": 1660,
        "countryCode": "MX",
        "name": "Zacatecas",
        "code": "ZAC"
      }
    ]
  },
  {
    "label": "Germany(德国)",
    "value": "DE",
    "children": [
      {
        "id": 515,
        "countryCode": "DE",
        "name": "Baden-Wurttemberg",
        "code": "BW"
      },
      {
        "id": 516,
        "countryCode": "DE",
        "name": "Bayern",
        "code": "BY"
      },
      {
        "id": 517,
        "countryCode": "DE",
        "name": "Berlin",
        "code": "BE"
      },
      {
        "id": 518,
        "countryCode": "DE",
        "name": "Brandenburg",
        "code": "BB"
      },
      {
        "id": 519,
        "countryCode": "DE",
        "name": "Bremen",
        "code": "HB"
      },
      {
        "id": 520,
        "countryCode": "DE",
        "name": "Hamburg",
        "code": "HH"
      },
      {
        "id": 521,
        "countryCode": "DE",
        "name": "Hessen",
        "code": "HE"
      },
      {
        "id": 522,
        "countryCode": "DE",
        "name": "Mecklenburg-Vorpommern",
        "code": "MV"
      },
      {
        "id": 523,
        "countryCode": "DE",
        "name": "Niedersachsen",
        "code": "NI"
      },
      {
        "id": 524,
        "countryCode": "DE",
        "name": "Nordrhein-Westfalen",
        "code": "NW"
      },
      {
        "id": 525,
        "countryCode": "DE",
        "name": "Rheinland-Pfalz",
        "code": "RP"
      },
      {
        "id": 526,
        "countryCode": "DE",
        "name": "Saarland",
        "code": "SL"
      },
      {
        "id": 527,
        "countryCode": "DE",
        "name": "Sachsen",
        "code": "SN"
      },
      {
        "id": 528,
        "countryCode": "DE",
        "name": "Sachsen-Anhalt",
        "code": "ST"
      },
      {
        "id": 529,
        "countryCode": "DE",
        "name": "Schleswig-Holstein",
        "code": "SH"
      },
      {
        "id": 530,
        "countryCode": "DE",
        "name": "Thuringen",
        "code": "TH"
      }
    ]
  },
  {
    "label": "England(United Kingdom)(英国)",
    "value": "GB",
    "children": [
      {
        "id": 3125,
        "countryCode": "GB",
        "name": "England",
        "code": "ENG"
      },
      {
        "id": 3126,
        "countryCode": "GB",
        "name": "Northern Ireland",
        "code": "NIR"
      },
      {
        "id": 3127,
        "countryCode": "GB",
        "name": "Scotland",
        "code": "SCT"
      },
      {
        "id": 3128,
        "countryCode": "GB",
        "name": "Wales",
        "code": "WLS"
      }
    ]
  },
  {
    "label": "Japan(日本)",
    "value": "JP",
    "children": [
      {
        "id": 1173,
        "countryCode": "JP",
        "name": "三重県",
        "code": "Mie"
      },
      {
        "id": 1172,
        "countryCode": "JP",
        "name": "京都府",
        "code": "Kyoto"
      },
      {
        "id": 1184,
        "countryCode": "JP",
        "name": "佐賀県",
        "code": "Saga"
      },
      {
        "id": 1163,
        "countryCode": "JP",
        "name": "兵庫県",
        "code": "Hyogo"
      },
      {
        "id": 1162,
        "countryCode": "JP",
        "name": "北海道",
        "code": "Hokkaido"
      },
      {
        "id": 1154,
        "countryCode": "JP",
        "name": "千葉県",
        "code": "Chiba"
      },
      {
        "id": 1194,
        "countryCode": "JP",
        "name": "和歌山県",
        "code": "Wakayama"
      },
      {
        "id": 1185,
        "countryCode": "JP",
        "name": "埼玉県",
        "code": "Saitama"
      },
      {
        "id": 1180,
        "countryCode": "JP",
        "name": "大分県",
        "code": "Oita"
      },
      {
        "id": 1183,
        "countryCode": "JP",
        "name": "大阪府 ",
        "code": "Osaka"
      },
      {
        "id": 1178,
        "countryCode": "JP",
        "name": "奈良県",
        "code": "Nara"
      },
      {
        "id": 1174,
        "countryCode": "JP",
        "name": "宮城県",
        "code": "Miyagi"
      },
      {
        "id": 1175,
        "countryCode": "JP",
        "name": "宮崎県",
        "code": "Miyazaki"
      },
      {
        "id": 1193,
        "countryCode": "JP",
        "name": "富山県",
        "code": "Toyama"
      },
      {
        "id": 1196,
        "countryCode": "JP",
        "name": "山口県",
        "code": "Yamaguchi"
      },
      {
        "id": 1195,
        "countryCode": "JP",
        "name": "山形県",
        "code": "Yamagata"
      },
      {
        "id": 1197,
        "countryCode": "JP",
        "name": "山梨県",
        "code": "Yamanashi"
      },
      {
        "id": 1159,
        "countryCode": "JP",
        "name": "岐阜県",
        "code": "Gifu"
      },
      {
        "id": 1181,
        "countryCode": "JP",
        "name": "岡山県",
        "code": "Okayama"
      },
      {
        "id": 1166,
        "countryCode": "JP",
        "name": "岩手県",
        "code": "Iwate"
      },
      {
        "id": 1187,
        "countryCode": "JP",
        "name": "島根県",
        "code": "Shimane"
      },
      {
        "id": 1161,
        "countryCode": "JP",
        "name": "廣島県",
        "code": "Hiroshima"
      },
      {
        "id": 1190,
        "countryCode": "JP",
        "name": "德島県",
        "code": "Tokushima"
      },
      {
        "id": 1155,
        "countryCode": "JP",
        "name": "愛媛県",
        "code": "Ehime"
      },
      {
        "id": 1151,
        "countryCode": "JP",
        "name": "愛知県",
        "code": "Aichi"
      },
      {
        "id": 1179,
        "countryCode": "JP",
        "name": "新潟県",
        "code": "Niigata"
      },
      {
        "id": 1191,
        "countryCode": "JP",
        "name": "東京都 ",
        "code": "Tokyo"
      },
      {
        "id": 1189,
        "countryCode": "JP",
        "name": "栃木県",
        "code": "Tochigi"
      },
      {
        "id": 1182,
        "countryCode": "JP",
        "name": "沖繩県",
        "code": "Okinawa"
      },
      {
        "id": 1186,
        "countryCode": "JP",
        "name": "滋賀県",
        "code": "Shiga"
      },
      {
        "id": 1171,
        "countryCode": "JP",
        "name": "熊本県",
        "code": "Kumamoto"
      },
      {
        "id": 1165,
        "countryCode": "JP",
        "name": "石川県",
        "code": "Ishikawa"
      },
      {
        "id": 1169,
        "countryCode": "JP",
        "name": "神奈川県",
        "code": "Kanagawa"
      },
      {
        "id": 1156,
        "countryCode": "JP",
        "name": "福井県",
        "code": "Fukui"
      },
      {
        "id": 1157,
        "countryCode": "JP",
        "name": "福岡県",
        "code": "Fukuoka"
      },
      {
        "id": 1158,
        "countryCode": "JP",
        "name": "福島県",
        "code": "Fukushima"
      },
      {
        "id": 1152,
        "countryCode": "JP",
        "name": "秋田県",
        "code": "Akita"
      },
      {
        "id": 1160,
        "countryCode": "JP",
        "name": "群馬県",
        "code": "Gunma"
      },
      {
        "id": 1164,
        "countryCode": "JP",
        "name": "茨城県",
        "code": "Ibaraki"
      },
      {
        "id": 1177,
        "countryCode": "JP",
        "name": "長崎県",
        "code": "Nagasaki"
      },
      {
        "id": 1176,
        "countryCode": "JP",
        "name": "長野県",
        "code": "Nagano"
      },
      {
        "id": 1153,
        "countryCode": "JP",
        "name": "青森県",
        "code": "Aomori"
      },
      {
        "id": 1188,
        "countryCode": "JP",
        "name": "靜岡県",
        "code": "Shizuoka"
      },
      {
        "id": 1167,
        "countryCode": "JP",
        "name": "香川県 ",
        "code": "Kagawa"
      },
      {
        "id": 1170,
        "countryCode": "JP",
        "name": "高知県",
        "code": "Kochi"
      },
      {
        "id": 1192,
        "countryCode": "JP",
        "name": "鳥取県",
        "code": "Tottori"
      },
      {
        "id": 1168,
        "countryCode": "JP",
        "name": "鹿兒島県",
        "code": "Kagoshima"
      }
    ]
  }
]
