[
  {
    "productName": "家居装修",
    "childProductList": [
      {
        "childProductList": [
          {
            "productName": "LED 泛光灯",
            "id": "Ch_PT_440",
            "sellable": true
          },
          {
            "productName": "LED 头灯套件",
            "id": "Ch_PT_438",
            "sellable": true
          },
          {
            "productName": "带备用锂离子电池的 LED 头灯",
            "id": "Ch_PT_439",
            "sellable": false
          },
          {
            "productName": "吊灯",
            "id": "Ch_PT_73",
            "sellable": true
          },
          {
            "productName": "灯串",
            "id": "Ch_PT_3",
            "sellable": true
          },
          {
            "productName": "灯带",
            "id": "Ch_PT_1027",
            "sellable": true
          },
          {
            "productName": "管灯",
            "id": "Ch_PT_1028",
            "sellable": true
          }
        ],
        "productName": "照明装置和风扇"
      },
      {
        "childProductList": [
          {
            "productName": "LED 灯泡",
            "id": "Ch_PT_76",
            "sellable": true
          },
          {
            "productName": "短波紫外线替换灯泡",
            "id": "Ch_PT_397",
            "sellable": false
          }
        ],
        "productName": "灯泡"
      },
      {
        "childProductList": [
          {
            "productName": "多功能接线板",
            "id": "Ch_PT_17",
            "sellable": true
          }
        ],
        "productName": "电气和加热设备"
      },
      {
        "childProductList": [
          {
            "productName": "便携电冰箱",
            "id": "Ch_PT_337",
            "sellable": true
          }
        ],
        "productName": "家电零件和配件"
      },
      {
        "childProductList": [
          {
            "productName": "油漆清洗剂",
            "id": "Ch_PT_60",
            "sellable": true
          }
        ],
        "productName": "绘画用品"
      },
      {
        "childProductList": [
          {
            "productName": "家用便携式灭菌器",
            "id": "Ch_PT_395",
            "sellable": false
          },
          {
            "productName": "个人便携式魔杖灭菌器",
            "id": "Ch_PT_396",
            "sellable": false
          },
          {
            "productName": "短波紫外线灭菌箱",
            "id": "Ch_PT_399",
            "sellable": true
          }
        ],
        "productName": "未分类"
      },
      {
        "childProductList": [
          {
            "productName": "锁具训练器",
            "id": "Ch_PT_1524",
            "sellable": false
          },
          {
            "productName": "安全标签拆卸器",
            "id": "Ch_PT_1525",
            "sellable": false
          },
          {
            "productName": "开锁套件",
            "id": "Ch_PT_1526",
            "sellable": false
          }
        ],
        "productName": "硬件"
      }
    ],
    "shipTo": "JP"
  },
  {
    "productName": "摄影摄像",
    "childProductList": [
      {
        "childProductList": [
          {
            "productName": "家用摄像头",
            "id": "Ch_PT_25",
            "sellable": true
          }
        ],
        "productName": "安全"
      }
    ],
    "shipTo": "JP"
  },
  {
    "productName": "珠宝首饰",
    "childProductList": [
      {
        "childProductList": [
          {
            "productName": "儿童首饰",
            "id": "Ch_PT_355",
            "sellable": true
          }
        ],
        "productName": "其他"
      }
    ],
    "shipTo": "JP"
  },
  {
    "productName": "体育用品",
    "childProductList": [
      {
        "childProductList": [
          {
            "productName": "激光测距仪",
            "id": "Ch_PT_335",
            "sellable": true
          },
          {
            "productName": "牙签弩",
            "id": "Ch_PT_1037",
            "sellable": false
          },
          {
            "productName": "弹簧式陷阱",
            "id": "Ch_PT_1814",
            "sellable": false
          }
        ],
        "productName": "狩猎/软弹气枪/彩弹"
      },
      {
        "childProductList": [
          {
            "productName": "登山绳",
            "id": "Ch_PT_359",
            "sellable": true
          }
        ],
        "productName": "锻炼和健身"
      }
    ],
    "shipTo": "JP"
  },
  {
    "productName": "食品",
    "childProductList": [
      {
        "childProductList": [
          {
            "productName": "纯咖啡因",
            "id": "Ch_PT_1517",
            "sellable": false
          }
        ],
        "productName": "生鲜食品"
      },
      {
        "childProductList": [
          {
            "productName": "盲盒",
            "id": "Ch_PT_1535",
            "sellable": false
          },
          {
            "productName": "色情日历",
            "id": "Ch_PT_1846",
            "sellable": false
          }
        ],
        "productName": "礼品和礼篮"
      }
    ],
    "shipTo": "JP"
  },
  {
    "productName": "家居",
    "childProductList": [
      {
        "childProductList": [
          {
            "productName": "真空吸尘器",
            "id": "Ch_PT_45",
            "sellable": true
          }
        ],
        "productName": "地板护理"
      },
      {
        "childProductList": [
          {
            "productName": "电热毯",
            "id": "Ch_PT_356",
            "sellable": true
          },
          {
            "productName": "具备短波紫外线功能的吸尘器",
            "id": "Ch_PT_1789",
            "sellable": true
          }
        ],
        "productName": "床上用品"
      },
      {
        "childProductList": [
          {
            "productName": "电加热器",
            "id": "Ch_PT_44",
            "sellable": true
          },
          {
            "productName": "煤油取暖器",
            "id": "Ch_PT_338",
            "sellable": true
          },
          {
            "productName": "电炉子",
            "id": "Ch_PT_52",
            "sellable": true
          },
          {
            "productName": "燃气取暖器",
            "id": "Ch_PT_339",
            "sellable": true
          },
          {
            "productName": "带内部 UVC 的空气净化器",
            "id": "Ch_PT_398",
            "sellable": true
          },
          {
            "productName": "除湿器",
            "id": "Ch_PT_66",
            "sellable": true
          },
          {
            "productName": "加湿器",
            "id": "Ch_PT_10",
            "sellable": true
          },
          {
            "productName": "婴儿车用电风扇",
            "id": "Ch_PT_23",
            "sellable": true
          },
          {
            "productName": "电风扇",
            "id": "Ch_PT_54",
            "sellable": true
          },
          {
            "productName": "空气净化器",
            "id": "Ch_PT_75",
            "sellable": true
          }
        ],
        "productName": "家居环境"
      },
      {
        "childProductList": [
          {
            "productName": "硅藻土商品",
            "id": "Ch_PT_442",
            "sellable": true
          },
          {
            "productName": "蒸汽熨斗",
            "id": "Ch_PT_63",
            "sellable": true
          }
        ],
        "productName": "洗浴和洗涤用品"
      },
      {
        "childProductList": [
          {
            "productName": "儿童色情图书",
            "id": "Ch_PT_1519",
            "sellable": false
          }
        ],
        "productName": "艺术品、工艺品和缝纫用品"
      }
    ],
    "shipTo": "JP"
  },
  {
    "productName": "户外用品",
    "childProductList": [
      {
        "childProductList": [
          {
            "productName": "电动辅助自行车",
            "id": "Ch_PT_49",
            "sellable": true
          },
          {
            "productName": "电动滑板",
            "id": "Ch_PT_48",
            "sellable": true
          },
          {
            "productName": "电动踏板车",
            "id": "Ch_PT_50",
            "sellable": true
          },
          {
            "productName": "滑板车产品",
            "id": "Ch_PT_47",
            "sellable": true
          },
          {
            "productName": "自平衡个人交通工具",
            "id": "Ch_PT_46",
            "sellable": true
          }
        ],
        "productName": "冲浪/滑雪/滑板"
      },
      {
        "childProductList": [
          {
            "productName": "电动辅助三轮车",
            "id": "Ch_PT_51",
            "sellable": true
          },
          {
            "productName": "自行车头盔",
            "id": "Ch_PT_61",
            "sellable": true
          },
          {
            "productName": "摩托车头盔",
            "id": "Ch_PT_62",
            "sellable": true
          },
          {
            "productName": "自平衡踏板车/电动单轮车",
            "id": "Ch_PT_1029",
            "sellable": true
          },
          {
            "productName": "电动摩托车/电动轻便摩托车",
            "id": "Ch_PT_2225",
            "sellable": true
          }
        ],
        "productName": "自行车"
      },
      {
        "childProductList": [
          {
            "productName": "枪械迷你加农炮",
            "id": "Ch_PT_1494",
            "sellable": false
          },
          {
            "productName": "照明弹",
            "id": "Ch_PT_1495",
            "sellable": false
          },
          {
            "productName": "枪管",
            "id": "Ch_PT_1496",
            "sellable": false
          },
          {
            "productName": "重力刀 ",
            "id": "Ch_PT_1497",
            "sellable": false
          },
          {
            "productName": "弹簧刀",
            "id": "Ch_PT_1498",
            "sellable": false
          },
          {
            "productName": "飞镖",
            "id": "Ch_PT_1499",
            "sellable": false
          },
          {
            "productName": "锁分铜",
            "id": "Ch_PT_1500",
            "sellable": false
          },
          {
            "productName": "双节棍",
            "id": "Ch_PT_1501",
            "sellable": false
          },
          {
            "productName": "喷射式眩晕枪",
            "id": "Ch_PT_1502",
            "sellable": false
          },
          {
            "productName": "非喷射式眩晕枪",
            "id": "Ch_PT_1503",
            "sellable": false
          },
          {
            "productName": "钢丝针眩晕枪",
            "id": "Ch_PT_1504",
            "sellable": false
          },
          {
            "productName": "气枪/软弹气枪",
            "id": "Ch_PT_1505",
            "sellable": false
          },
          {
            "productName": "爪刀",
            "id": "Ch_PT_1506",
            "sellable": false
          },
          {
            "productName": "皮带扣刀",
            "id": "Ch_PT_1507",
            "sellable": false
          },
          {
            "productName": "手杖剑",
            "id": "Ch_PT_1509",
            "sellable": false
          },
          {
            "productName": "匕首",
            "id": "Ch_PT_1510",
            "sellable": false
          },
          {
            "productName": "飞牌",
            "id": "Ch_PT_1511",
            "sellable": false
          },
          {
            "productName": "指节铜套",
            "id": "Ch_PT_1512",
            "sellable": false
          },
          {
            "productName": "十字弓",
            "id": "Ch_PT_1513",
            "sellable": false
          },
          {
            "productName": "狼牙棒",
            "id": "Ch_PT_1514",
            "sellable": false
          },
          {
            "productName": "弹弓",
            "id": "Ch_PT_1516",
            "sellable": false
          },
          {
            "productName": "发刷刀/梳刀",
            "id": "Ch_PT_1836",
            "sellable": false
          },
          {
            "productName": "唇膏刀",
            "id": "Ch_PT_1837",
            "sellable": false
          },
          {
            "productName": "警棍",
            "id": "Ch_PT_1838",
            "sellable": false
          },
          {
            "productName": "卡片刀 ",
            "id": "Ch_PT_1839",
            "sellable": false
          },
          {
            "productName": "指节刀",
            "id": "Ch_PT_1840",
            "sellable": false
          },
          {
            "productName": "笔刀",
            "id": "Ch_PT_1841",
            "sellable": false
          },
          {
            "productName": "靴刀",
            "id": "Ch_PT_1842",
            "sellable": false
          },
          {
            "productName": "潜水刀",
            "id": "Ch_PT_1843",
            "sellable": false
          },
          {
            "productName": "飞刀",
            "id": "Ch_PT_1844",
            "sellable": false
          },
          {
            "productName": "蝴蝶刀",
            "id": "Ch_PT_1845",
            "sellable": false
          }
        ],
        "productName": "户外急救和安全"
      }
    ],
    "shipTo": "JP"
  },
  {
    "productName": "厨房",
    "childProductList": [
      {
        "childProductList": [
          {
            "productName": "烤面包机",
            "id": "Ch_PT_43",
            "sellable": true
          }
        ],
        "productName": "特色电子产品"
      },
      {
        "childProductList": [
          {
            "productName": "筒式燃气炉",
            "id": "Ch_PT_59",
            "sellable": true
          }
        ],
        "productName": "烹饪器具"
      },
      {
        "childProductList": [
          {
            "productName": "电烤盘",
            "id": "Ch_PT_53",
            "sellable": true
          }
        ],
        "productName": "烘焙用具"
      },
      {
        "childProductList": [
          {
            "productName": "榨汁机",
            "id": "Ch_PT_30",
            "sellable": true
          }
        ],
        "productName": "搅拌和榨汁"
      },
      {
        "childProductList": [
          {
            "productName": "电磁烹饪器",
            "id": "Ch_PT_360",
            "sellable": true
          }
        ],
        "productName": "烹饪用具"
      },
      {
        "childProductList": [
          {
            "productName": "电压力锅",
            "id": "Ch_PT_357",
            "sellable": true
          }
        ],
        "productName": "炊具"
      },
      {
        "childProductList": [
          {
            "productName": "搅拌机",
            "id": "Ch_PT_29",
            "sellable": true
          }
        ],
        "productName": "食品制备"
      }
    ],
    "shipTo": "JP"
  },
  {
    "productName": "玩具",
    "childProductList": [
      {
        "childProductList": [
          {
            "productName": "指尖陀螺",
            "id": "Ch_PT_12",
            "sellable": true
          },
          {
            "productName": "户外游戏道具",
            "id": "Ch_PT_27",
            "sellable": true
          },
          {
            "productName": "飞镖指尖陀螺",
            "id": "Ch_PT_13",
            "sellable": false
          },
          {
            "productName": "研磨风筝线",
            "id": "Ch_PT_1036",
            "sellable": false
          }
        ],
        "productName": "户外和运动玩具"
      },
      {
        "childProductList": [
          {
            "productName": "组合玩具",
            "id": "Ch_PT_354",
            "sellable": true
          },
          {
            "productName": "儿童挤压玩具",
            "id": "Ch_PT_28",
            "sellable": true
          }
        ],
        "productName": "玩偶玩具"
      },
      {
        "childProductList": [
          {
            "productName": "喷射式玩具",
            "id": "Ch_PT_26",
            "sellable": true
          },
          {
            "productName": "磁性积木片",
            "id": "Ch_PT_55",
            "sellable": true
          },
          {
            "productName": "磁性粘土",
            "id": "Ch_PT_56",
            "sellable": true
          }
        ],
        "productName": "婴幼儿/学龄前儿童"
      },
      {
        "childProductList": [
          {
            "productName": "隐形墨水笔",
            "id": "Ch_PT_67",
            "sellable": true
          }
        ],
        "productName": "派对用品"
      },
      {
        "childProductList": [
          {
            "productName": "纪念币",
            "id": "Ch_PT_1821",
            "sellable": false
          },
          {
            "productName": "啤酒优惠券",
            "id": "Ch_PT_1822",
            "sellable": false
          },
          {
            "productName": "礼品卡",
            "id": "Ch_PT_1823",
            "sellable": false
          },
          {
            "productName": "法定货币",
            "id": "Ch_PT_1824",
            "sellable": false
          },
          {
            "productName": "邮票",
            "id": "Ch_PT_1825",
            "sellable": false
          },
          {
            "productName": "股票/证券 ",
            "id": "Ch_PT_1826",
            "sellable": false
          }
        ],
        "productName": "收藏类玩具"
      },
      {
        "childProductList": [
          {
            "productName": "吸水性合成树脂玩具",
            "id": "Ch_PT_2318",
            "sellable": true
          },
          {
            "productName": "磁力球拼装玩具",
            "id": "Ch_PT_2319",
            "sellable": true
          }
        ],
        "productName": "玩具"
      }
    ],
    "shipTo": "JP"
  },
  {
    "productName": "乐器",
    "childProductList": [
      {
        "childProductList": [
          {
            "productName": "电子乐器用充电器",
            "id": "Ch_PT_437",
            "sellable": true
          }
        ],
        "productName": "配件"
      }
    ],
    "shipTo": "JP"
  },
  {
    "productName": "电子产品",
    "childProductList": [
      {
        "childProductList": [
          {
            "productName": "圆柱形锂离子电池 ",
            "id": "Ch_PT_443",
            "sellable": false
          },
          {
            "productName": "移动电源",
            "id": "Ch_PT_58",
            "sellable": true
          },
          {
            "productName": "照相机用锂蓄电池",
            "id": "Ch_PT_421",
            "sellable": true
          },
          {
            "productName": "激光测距仪",
            "id": "Ch_PT_1847",
            "sellable": false
          },
          {
            "productName": "健身振动平台/健身振动机 ",
            "id": "Ch_PT_1866",
            "sellable": false
          },
          {
            "productName": "电动胶枪",
            "id": "Ch_PT_1867",
            "sellable": false
          },
          {
            "productName": "电动杀虫剂",
            "id": "Ch_PT_1868",
            "sellable": false
          },
          {
            "productName": "使用交流电源的电气产品",
            "id": "Ch_PT_1869",
            "sellable": false
          },
          {
            "productName": "电力变压器",
            "id": "Ch_PT_1870",
            "sellable": false
          },
          {
            "productName": "慢炖锅",
            "id": "Ch_PT_1871",
            "sellable": false
          },
          {
            "productName": "钎焊烙铁/焊料去除设备",
            "id": "Ch_PT_1872",
            "sellable": false
          },
          {
            "productName": "相机用闪光灯 ",
            "id": "Ch_PT_1873",
            "sellable": false
          },
          {
            "productName": "交换式集线器",
            "id": "Ch_PT_1874",
            "sellable": false
          },
          {
            "productName": "血压监测仪",
            "id": "Ch_PT_1875",
            "sellable": false
          },
          {
            "productName": "狗狗标记",
            "id": "Ch_PT_1876",
            "sellable": false
          },
          {
            "productName": "闪光灯触发器",
            "id": "Ch_PT_1877",
            "sellable": false
          },
          {
            "productName": "手机",
            "id": "Ch_PT_1878",
            "sellable": false
          },
          {
            "productName": "无线电从设备 ",
            "id": "Ch_PT_1879",
            "sellable": false
          },
          {
            "productName": "遥控器",
            "id": "Ch_PT_1880",
            "sellable": false
          },
          {
            "productName": "安全报警器",
            "id": "Ch_PT_1881",
            "sellable": false
          },
          {
            "productName": "自拍杆",
            "id": "Ch_PT_1882",
            "sellable": false
          },
          {
            "productName": "智能手表",
            "id": "Ch_PT_1883",
            "sellable": false
          },
          {
            "productName": "电视盒",
            "id": "Ch_PT_1884",
            "sellable": false
          },
          {
            "productName": "无线摄像头",
            "id": "Ch_PT_1885",
            "sellable": false
          },
          {
            "productName": "无线铃",
            "id": "Ch_PT_1886",
            "sellable": false
          },
          {
            "productName": "无线控制器",
            "id": "Ch_PT_1887",
            "sellable": false
          },
          {
            "productName": "无线电子项圈",
            "id": "Ch_PT_1888",
            "sellable": false
          },
          {
            "productName": "无线游戏控制器",
            "id": "Ch_PT_1889",
            "sellable": false
          },
          {
            "productName": "无线耳机/耳机",
            "id": "Ch_PT_1890",
            "sellable": false
          },
          {
            "productName": "无线钥匙寻找器",
            "id": "Ch_PT_1891",
            "sellable": false
          },
          {
            "productName": "无线麦克风",
            "id": "Ch_PT_1892",
            "sellable": false
          },
          {
            "productName": "无线鼠标",
            "id": "Ch_PT_1893",
            "sellable": false
          },
          {
            "productName": "游戏适配器",
            "id": "Ch_PT_1894",
            "sellable": false
          },
          {
            "productName": "婴儿监视器",
            "id": "Ch_PT_1895",
            "sellable": false
          }
        ],
        "productName": "其他配件"
      },
      {
        "childProductList": [
          {
            "productName": "应急电源",
            "id": "Ch_PT_446",
            "sellable": true
          }
        ],
        "productName": "电动"
      },
      {
        "childProductList": [
          {
            "productName": "无线扬声器",
            "id": "Ch_PT_35",
            "sellable": true
          }
        ],
        "productName": "便携式媒体播放器"
      }
    ],
    "shipTo": "JP"
  },
  {
    "productName": "无线产品",
    "childProductList": [
      {
        "childProductList": [
          {
            "productName": "无线电收发器",
            "id": "Ch_PT_36",
            "sellable": true
          }
        ],
        "productName": "无线产品保护壳"
      },
      {
        "childProductList": [
          {
            "productName": "智能插头",
            "id": "Ch_PT_37",
            "sellable": true
          },
          {
            "productName": "无人机",
            "id": "Ch_PT_31",
            "sellable": true
          },
          {
            "productName": "汽车电池用充电器",
            "id": "Ch_PT_334",
            "sellable": true
          },
          {
            "productName": "无线充电器",
            "id": "Ch_PT_32",
            "sellable": true
          }
        ],
        "productName": "无线配件"
      },
      {
        "childProductList": [
          {
            "productName": "无线发射器",
            "id": "Ch_PT_33",
            "sellable": true
          },
          {
            "productName": "无线局域网应用设备",
            "id": "Ch_PT_34",
            "sellable": true
          },
          {
            "productName": "信号干扰装置 ",
            "id": "Ch_PT_673",
            "sellable": true
          }
        ],
        "productName": "导航电子产品"
      }
    ],
    "shipTo": "JP"
  },
  {
    "productName": "宠物用品",
    "childProductList": [
      {
        "childProductList": [
          {
            "productName": "宠物用吹风机",
            "id": "Ch_PT_24",
            "sellable": true
          },
          {
            "productName": "宠物剃毛器",
            "id": "Ch_PT_351",
            "sellable": true
          }
        ],
        "productName": "梳洗用具"
      }
    ],
    "shipTo": "JP"
  },
  {
    "productName": "个人电脑",
    "childProductList": [
      {
        "childProductList": [
          {
            "productName": "AC适配器",
            "id": "Ch_PT_1",
            "sellable": true
          }
        ],
        "productName": "网络产品"
      },
      {
        "childProductList": [
          {
            "productName": "笔记本电脑电池",
            "id": "Ch_PT_16",
            "sellable": true
          },
          {
            "productName": "笔记本电脑/手机充电器",
            "id": "Ch_PT_15",
            "sellable": true
          }
        ],
        "productName": "笔记本电脑配件"
      }
    ],
    "shipTo": "JP"
  },
  {
    "productName": "办公用品 ",
    "childProductList": [
      {
        "childProductList": [
          {
            "productName": "碎纸机",
            "id": "Ch_PT_352",
            "sellable": true
          }
        ],
        "productName": "碎纸机"
      }
    ],
    "shipTo": "JP"
  },
  {
    "productName": "母婴",
    "childProductList": [
      {
        "childProductList": [
          {
            "productName": "婴儿学步车",
            "id": "Ch_PT_19",
            "sellable": true
          }
        ],
        "productName": "杂项"
      },
      {
        "childProductList": [
          {
            "productName": "婴儿背带",
            "id": "Ch_PT_22",
            "sellable": true
          },
          {
            "productName": "婴儿睡姿固定垫",
            "id": "Ch_PT_21",
            "sellable": false
          },
          {
            "productName": "框式倾斜睡眠用品",
            "id": "Ch_PT_1039",
            "sellable": false
          },
          {
            "productName": "吊床",
            "id": "Ch_PT_1040",
            "sellable": false
          },
          {
            "productName": "紧凑型倾斜睡眠用品",
            "id": "Ch_PT_1041",
            "sellable": false
          },
          {
            "productName": "倾斜睡眠用品配件",
            "id": "Ch_PT_1042",
            "sellable": false
          },
          {
            "productName": "其他婴儿倾斜睡眠用品配件",
            "id": "Ch_PT_1043",
            "sellable": false
          }
        ],
        "productName": "婴儿床上用品"
      },
      {
        "childProductList": [
          {
            "productName": "软垫式婴儿床床围",
            "id": "Ch_PT_80",
            "sellable": false
          }
        ],
        "productName": "护理与安全"
      },
      {
        "childProductList": [
          {
            "productName": "婴儿推车",
            "id": "Ch_PT_20",
            "sellable": true
          }
        ],
        "productName": "坐式婴儿车"
      },
      {
        "childProductList": [
          {
            "productName": "磨牙首饰",
            "id": "Ch_PT_57",
            "sellable": false
          },
          {
            "productName": "增高椅",
            "id": "Ch_PT_452",
            "sellable": true
          }
        ],
        "productName": "喂养用品"
      },
      {
        "childProductList": [
          {
            "productName": "婴儿提篮",
            "id": "Ch_PT_451",
            "sellable": true
          },
          {
            "productName": "前向式儿童乘员用约束装置",
            "id": "Ch_PT_453",
            "sellable": true
          },
          {
            "productName": "后向式儿童乘员用约束装置",
            "id": "Ch_PT_454",
            "sellable": true
          },
          {
            "productName": "旅行装置",
            "id": "Ch_PT_455",
            "sellable": true
          },
          {
            "productName": "便携式儿童安全带",
            "id": "Ch_PT_456",
            "sellable": true
          },
          {
            "productName": "织物系统",
            "id": "Ch_PT_457",
            "sellable": false
          }
        ],
        "productName": "汽车座椅"
      }
    ],
    "shipTo": "JP"
  },
  {
    "productName": "汽车用品",
    "childProductList": [
      {
        "childProductList": [
          {
            "productName": "汽车用千斤顶",
            "id": "Ch_PT_39",
            "sellable": true
          },
          {
            "productName": "汽车安全装置",
            "id": "Ch_PT_1035",
            "sellable": false
          },
          {
            "productName": "配重环",
            "id": "Ch_PT_1486",
            "sellable": false
          },
          {
            "productName": "危险汽油",
            "id": "Ch_PT_1487",
            "sellable": false
          },
          {
            "productName": "车辆安全气囊",
            "id": "Ch_PT_1818",
            "sellable": false
          },
          {
            "productName": "汽车尖头轮毂螺帽",
            "id": "Ch_PT_1819",
            "sellable": false
          }
        ],
        "productName": "车身、装饰和防撞零件"
      },
      {
        "childProductList": [
          {
            "productName": "汽车座椅加热垫 (CSHP)",
            "id": "Ch_PT_79",
            "sellable": false
          }
        ],
        "productName": "汽车用品配件"
      },
      {
        "childProductList": [
          {
            "productName": "便携式汽车应急启动电源",
            "id": "Ch_PT_5",
            "sellable": true
          },
          {
            "productName": "无钥匙进入",
            "id": "Ch_PT_1520",
            "sellable": false
          }
        ],
        "productName": "汽车设备和工具"
      }
    ],
    "shipTo": "JP"
  },
  {
    "productName": "安保和安全设备",
    "childProductList": [
      {
        "childProductList": [
          {
            "productName": "坠落防护安全装备",
            "id": "Ch_PT_672",
            "sellable": true
          },
          {
            "productName": "喷雾灭火器",
            "id": "Ch_PT_1030",
            "sellable": true
          },
          {
            "productName": "防火和防烟面罩",
            "id": "Ch_PT_1031",
            "sellable": true
          },
          {
            "productName": "防毒面罩",
            "id": "Ch_PT_1032",
            "sellable": true
          },
          {
            "productName": "防尘面罩",
            "id": "Ch_PT_1033",
            "sellable": true
          },
          {
            "productName": "N95/KN95 口罩",
            "id": "Ch_PT_1034",
            "sellable": true
          }
        ],
        "productName": "安保与安全"
      }
    ],
    "shipTo": "JP"
  },
  {
    "productName": "工具",
    "childProductList": [
      {
        "childProductList": [
          {
            "productName": "婴幼儿用口罩",
            "id": "Ch_PT_441",
            "sellable": false
          },
          {
            "productName": "兼容锂离子电池",
            "id": "Ch_PT_9",
            "sellable": true
          },
          {
            "productName": "一氧化碳报警器",
            "id": "Ch_PT_4",
            "sellable": true
          },
          {
            "productName": "灭火器",
            "id": "Ch_PT_40",
            "sellable": true
          },
          {
            "productName": "烟雾报警器",
            "id": "Ch_PT_41",
            "sellable": true
          },
          {
            "productName": "烟雾探测器",
            "id": "Ch_PT_42",
            "sellable": true
          }
        ],
        "productName": "安保与安全"
      },
      {
        "childProductList": [
          {
            "productName": "电动工具/家用电器的电池充电器",
            "id": "Ch_PT_418",
            "sellable": true
          }
        ],
        "productName": "电动工具配件"
      }
    ],
    "shipTo": "JP"
  },
  {
    "productName": "草坪和园艺",
    "childProductList": [
      {
        "childProductList": [
          {
            "productName": "儿童雨伞",
            "id": "Ch_PT_400",
            "sellable": true
          }
        ],
        "productName": "户外家具"
      },
      {
        "childProductList": [
          {
            "productName": "外来植物 ",
            "id": "Ch_PT_1851",
            "sellable": false
          },
          {
            "productName": "濒危植物",
            "id": "Ch_PT_1852",
            "sellable": false
          }
        ],
        "productName": "园艺"
      }
    ],
    "shipTo": "JP"
  },
  {
    "productName": "家具",
    "childProductList": [
      {
        "childProductList": [
          {
            "productName": "双层床",
            "id": "Ch_PT_11",
            "sellable": true
          }
        ],
        "productName": "卧室家具"
      }
    ],
    "shipTo": "JP"
  },
  {
    "productName": "美妆",
    "childProductList": [
      {
        "childProductList": [
          {
            "productName": "脱毛器",
            "id": "Ch_PT_74",
            "sellable": true
          },
          {
            "productName": "电推剪",
            "id": "Ch_PT_675",
            "sellable": true
          },
          {
            "productName": "电吹风",
            "id": "Ch_PT_1025",
            "sellable": true
          },
          {
            "productName": "烫发器",
            "id": "Ch_PT_1026",
            "sellable": true
          }
        ],
        "productName": "头发护理/美容电器"
      },
      {
        "childProductList": [
          {
            "productName": "美容仪",
            "id": "Ch_PT_78",
            "sellable": true
          }
        ],
        "productName": "大众护肤品"
      },
      {
        "childProductList": [
          {
            "productName": "睫毛烫液",
            "id": "Ch_PT_1863",
            "sellable": false
          }
        ],
        "productName": "大众化妆品"
      }
    ],
    "shipTo": "JP"
  },
  {
    "productName": "兴趣爱好",
    "childProductList": [
      {
        "childProductList": [
          {
            "productName": "金银条",
            "id": "Ch_PT_1488",
            "sellable": false
          },
          {
            "productName": "T 卡",
            "id": "Ch_PT_1489",
            "sellable": false
          }
        ],
        "productName": "收藏类玩具"
      }
    ],
    "shipTo": "JP"
  },
  {
    "productName": "药物和保健品",
    "childProductList": [
      {
        "childProductList": [
          {
            "productName": "致幻蘑菇",
            "id": "Ch_PT_1490",
            "sellable": false
          },
          {
            "productName": "需要使用说明的药物",
            "id": "Ch_PT_1492",
            "sellable": false
          },
          {
            "productName": "健康分析仪",
            "id": "Ch_PT_1532",
            "sellable": false
          },
          {
            "productName": "香烟",
            "id": "Ch_PT_1853",
            "sellable": false
          },
          {
            "productName": "雪茄",
            "id": "Ch_PT_1854",
            "sellable": false
          },
          {
            "productName": "烟草",
            "id": "Ch_PT_1855",
            "sellable": false
          },
          {
            "productName": "水烟Shisha",
            "id": "Ch_PT_1856",
            "sellable": false
          },
          {
            "productName": "水烟Hookah",
            "id": "Ch_PT_1857",
            "sellable": false
          },
          {
            "productName": "水烟Nargile",
            "id": "Ch_PT_1858",
            "sellable": false
          },
          {
            "productName": "含尼古丁的电子烟",
            "id": "Ch_PT_1859",
            "sellable": false
          }
        ],
        "productName": "健康和保健"
      },
      {
        "childProductList": [
          {
            "productName": "药物片剂压片机和模具",
            "id": "Ch_PT_1491",
            "sellable": false
          },
          {
            "productName": "连续式呼吸机/呼吸器",
            "id": "Ch_PT_1527",
            "sellable": false
          },
          {
            "productName": "非连续式呼吸机",
            "id": "Ch_PT_1528",
            "sellable": false
          },
          {
            "productName": "手动应急呼吸机",
            "id": "Ch_PT_1529",
            "sellable": false
          },
          {
            "productName": "电动应急呼吸机 ",
            "id": "Ch_PT_1530",
            "sellable": false
          },
          {
            "productName": "未获批准的准药物 ",
            "id": "Ch_PT_1820",
            "sellable": false
          },
          {
            "productName": "药物用具",
            "id": "Ch_PT_1827",
            "sellable": false
          },
          {
            "productName": "体外诊断 (IVD)",
            "id": "Ch_PT_1828",
            "sellable": false
          },
          {
            "productName": "处方药",
            "id": "Ch_PT_1829",
            "sellable": false
          },
          {
            "productName": "管制物品",
            "id": "Ch_PT_1830",
            "sellable": false
          },
          {
            "productName": "麻醉品",
            "id": "Ch_PT_1831",
            "sellable": false
          },
          {
            "productName": "处方药 ",
            "id": "Ch_PT_1832",
            "sellable": false
          },
          {
            "productName": "未获批准的兽药",
            "id": "Ch_PT_1833",
            "sellable": false
          },
          {
            "productName": "未获批准的药物 ",
            "id": "Ch_PT_1834",
            "sellable": false
          },
          {
            "productName": "危险/管制药物",
            "id": "Ch_PT_1835",
            "sellable": false
          },
          {
            "productName": "祛痣笔",
            "id": "Ch_PT_1848",
            "sellable": false
          },
          {
            "productName": "验孕/验孕用品",
            "id": "Ch_PT_1849",
            "sellable": false
          },
          {
            "productName": "隐形眼镜",
            "id": "Ch_PT_1864",
            "sellable": false
          }
        ],
        "productName": "医疗用品和设备"
      },
      {
        "childProductList": [
          {
            "productName": "仿真情趣玩偶",
            "id": "Ch_PT_1518",
            "sellable": false
          }
        ],
        "productName": "成人用品"
      },
      {
        "childProductList": [
          {
            "productName": "顺势出牙片剂和凝胶",
            "id": "Ch_PT_1536",
            "sellable": false
          }
        ],
        "productName": "健康护理"
      }
    ],
    "shipTo": "JP"
  },
  {
    "productName": "其他商品",
    "childProductList": [
      {
        "childProductList": [
          {
            "productName": "激光辐射温度计",
            "id": "Ch_PT_336",
            "sellable": true
          }
        ],
        "productName": "专业医疗器械"
      },
      {
        "childProductList": [
          {
            "productName": "叠氮化钠",
            "id": "Ch_PT_81",
            "sellable": false
          },
          {
            "productName": "三氯乙酸 (TCA) ",
            "id": "Ch_PT_82",
            "sellable": false
          },
          {
            "productName": "海芒果种子",
            "id": "Ch_PT_1533",
            "sellable": false
          },
          {
            "productName": "罂粟",
            "id": "Ch_PT_1534",
            "sellable": false
          },
          {
            "productName": "铝粉 ",
            "id": "Ch_PT_1537",
            "sellable": false
          },
          {
            "productName": "硝酸铵",
            "id": "Ch_PT_1538",
            "sellable": false
          },
          {
            "productName": "硝酸铵钙",
            "id": "Ch_PT_1539",
            "sellable": false
          },
          {
            "productName": "六胺",
            "id": "Ch_PT_1540",
            "sellable": false
          },
          {
            "productName": "六水合硝酸镁",
            "id": "Ch_PT_1541",
            "sellable": false
          },
          {
            "productName": "镁粉",
            "id": "Ch_PT_1542",
            "sellable": false
          },
          {
            "productName": "高锰酸钾",
            "id": "Ch_PT_1543",
            "sellable": false
          },
          {
            "productName": "爆炸性化学品",
            "id": "Ch_PT_1860",
            "sellable": false
          },
          {
            "productName": "有毒有害化学品",
            "id": "Ch_PT_1861",
            "sellable": false
          },
          {
            "productName": "农用化学品",
            "id": "Ch_PT_1862",
            "sellable": false
          }
        ],
        "productName": "化学和生命科学"
      },
      {
        "childProductList": [
          {
            "productName": "激光笔",
            "id": "Ch_PT_436",
            "sellable": true
          },
          {
            "productName": "3R 级、3B 级或更高级别的激光指示器",
            "id": "Ch_PT_1523",
            "sellable": false
          }
        ],
        "productName": "工业工具和仪器"
      },
      {
        "childProductList": [
          {
            "productName": "除雾器",
            "id": "Ch_PT_1482",
            "sellable": false
          },
          {
            "productName": "熊胆汁",
            "id": "Ch_PT_1483",
            "sellable": false
          },
          {
            "productName": "动物长牙",
            "id": "Ch_PT_1484",
            "sellable": false
          },
          {
            "productName": "带牙口的颈圈",
            "id": "Ch_PT_1485",
            "sellable": false
          },
          {
            "productName": "濒危动物",
            "id": "Ch_PT_1813",
            "sellable": false
          },
          {
            "productName": "外来物种 - 动物",
            "id": "Ch_PT_1815",
            "sellable": false
          },
          {
            "productName": "鲨鱼制品",
            "id": "Ch_PT_1816",
            "sellable": false
          },
          {
            "productName": "鲸鱼/海豚/鼠海豚制品",
            "id": "Ch_PT_1817",
            "sellable": false
          }
        ],
        "productName": "活体动物"
      }
    ],
    "shipTo": "JP"
  }
]