[
  {
    "productName": "家居装修",
    "childProductList": [
      {
        "childProductList": [
          {
            "productName": "LED 路灯",
            "id": "Ch_PT_651",
            "sellable": true
          },
          {
            "childProductName": "自镇流 CFL 灯",
            "id": "Ch_PT_653",
            "sellable": true
          },
          {
            "childProductName": "自镇流 LED 灯",
            "id": "Ch_PT_649",
            "sellable": true
          },
          {
            "childProductName": "LED 驱动器",
            "id": "Ch_PT_650",
            "sellable": true
          },
          {
            "childProductName": "LED 泛光灯",
            "id": "Ch_PT_652",
            "sellable": true
          },
          {
            "childProductName": "灯串",
            "id": "Ch_PT_645",
            "sellable": true
          }
        ],
        "productName": "照明装置和风扇"
      },
      {
        "childProductList": [
          {
            "childProductName": "油漆清洗剂",
            "id": "Ch_PT_630",
            "sellable": true
          }
        ],
        "productName": "绘画用品"
      }
    ],
    "shipTo": "IN"
  },
  {
    "category": "户外用品",
    "productList": [
      {
        "childProductList": [
          {
            "childProductName": "滑板车产品",
            "id": "Ch_PT_617",
            "sellable": true
          }
        ],
        "productName": "冲浪/滑雪/滑板"
      },
      {
        "childProductList": [
          {
            "childProductName": "骑行头盔",
            "id": "Ch_PT_637",
            "sellable": true
          }
        ],
        "productName": "自行车"
      },
      {
        "childProductList": [
          {
            "childProductName": "镰刀",
            "id": "Ch_PT_1045",
            "sellable": false
          },
          {
            "childProductName": "信用卡刀",
            "id": "Ch_PT_1046",
            "sellable": false
          },
          {
            "childProductName": "烟花/爆竹",
            "id": "Ch_PT_1056",
            "sellable": false
          },
          {
            "childProductName": "布伊刀",
            "id": "Ch_PT_1064",
            "sellable": false
          },
          {
            "childProductName": "猎刀/露营刀",
            "id": "Ch_PT_1093",
            "sellable": false
          },
          {
            "childProductName": "指节铜套",
            "id": "Ch_PT_1096",
            "sellable": false
          },
          {
            "childProductName": "双刃战斧",
            "id": "Ch_PT_1099",
            "sellable": false
          },
          {
            "childProductName": "砍刀",
            "id": "Ch_PT_1101",
            "sellable": false
          },
          {
            "childProductName": "长矛",
            "id": "Ch_PT_1102",
            "sellable": false
          },
          {
            "childProductName": "手杖剑",
            "id": "Ch_PT_1104",
            "sellable": false
          },
          {
            "childProductName": "爪刀",
            "id": "Ch_PT_1118",
            "sellable": false
          },
          {
            "childProductName": "飞刀",
            "id": "Ch_PT_1130",
            "sellable": false
          },
          {
            "childProductName": "蝴蝶刀",
            "id": "Ch_PT_1132",
            "sellable": false
          },
          {
            "childProductName": "折叠式小刀",
            "id": "Ch_PT_1133",
            "sellable": false
          },
          {
            "childProductName": "气压计刀",
            "id": "Ch_PT_1134",
            "sellable": false
          },
          {
            "childProductName": "弹簧辅助刀",
            "id": "Ch_PT_1135",
            "sellable": false
          },
          {
            "childProductName": "改装刀具",
            "id": "Ch_PT_1136",
            "sellable": false
          },
          {
            "childProductName": "剔肠刀",
            "id": "Ch_PT_1149",
            "sellable": false
          },
          {
            "childProductName": "剑",
            "id": "Ch_PT_1160",
            "sellable": false
          },
          {
            "childProductName": "军刀",
            "id": "Ch_PT_1161",
            "sellable": false
          },
          {
            "childProductName": "武士刀",
            "id": "Ch_PT_1162",
            "sellable": false
          },
          {
            "childProductName": "蝴蝶剑",
            "id": "Ch_PT_1163",
            "sellable": false
          },
          {
            "childProductName": "刀",
            "id": "Ch_PT_1164",
            "sellable": false
          },
          {
            "childProductName": "笼手剑",
            "id": "Ch_PT_1165",
            "sellable": false
          },
          {
            "childProductName": "中国剑",
            "id": "Ch_PT_1166",
            "sellable": false
          },
          {
            "childProductName": "圣刀",
            "id": "Ch_PT_1167",
            "sellable": false
          },
          {
            "childProductName": "西洋剑",
            "id": "Ch_PT_1168",
            "sellable": false
          },
          {
            "childProductName": "Churika",
            "id": "Ch_PT_1169",
            "sellable": false
          },
          {
            "childProductName": "维京剑",
            "id": "Ch_PT_1170",
            "sellable": false
          },
          {
            "childProductName": "弯刃大刀",
            "id": "Ch_PT_1171",
            "sellable": false
          },
          {
            "childProductName": "阿拉伯弯刀",
            "id": "Ch_PT_1172",
            "sellable": false
          },
          {
            "childProductName": "印度软剑",
            "id": "Ch_PT_1173",
            "sellable": false
          },
          {
            "childProductName": "万力锁",
            "id": "Ch_PT_1176",
            "sellable": false
          },
          {
            "childProductName": "重力刀",
            "id": "Ch_PT_1179",
            "sellable": false
          },
          {
            "childProductName": "皮带扣刀",
            "id": "Ch_PT_1182",
            "sellable": false
          },
          {
            "childProductName": "潜水刀",
            "id": "Ch_PT_1186",
            "sellable": false
          },
          {
            "childProductName": "中国天灯",
            "id": "Ch_PT_1201",
            "sellable": false
          },
          {
            "childProductName": "廓尔喀弯刀",
            "id": "Ch_PT_1202",
            "sellable": false
          },
          {
            "childProductName": "僵尸刀",
            "id": "Ch_PT_1203",
            "sellable": false
          },
          {
            "childProductName": "匕首",
            "id": "Ch_PT_1206",
            "sellable": false
          },
          {
            "childProductName": "阿肯色牙签刀",
            "id": "Ch_PT_1207",
            "sellable": false
          },
          {
            "childProductName": "苏格兰刀",
            "id": "Ch_PT_1208",
            "sellable": false
          },
          {
            "childProductName": "费赛二氏战斗刀",
            "id": "Ch_PT_1209",
            "sellable": false
          },
          {
            "childProductName": "剑标",
            "id": "Ch_PT_1210",
            "sellable": false
          },
          {
            "childProductName": "苏格兰佩刀",
            "id": "Ch_PT_1211",
            "sellable": false
          },
          {
            "childProductName": "民用短剑",
            "id": "Ch_PT_1212",
            "sellable": false
          },
          {
            "childProductName": "三叉戟匕首",
            "id": "Ch_PT_1213",
            "sellable": false
          },
          {
            "childProductName": "短刀",
            "id": "Ch_PT_1214",
            "sellable": false
          },
          {
            "childProductName": "匕首",
            "id": "Ch_PT_1215",
            "sellable": false
          },
          {
            "childProductName": "Shobi-zues",
            "id": "Ch_PT_1219",
            "sellable": false
          },
          {
            "childProductName": "肥后守刀",
            "id": "Ch_PT_1225",
            "sellable": false
          },
          {
            "childProductName": "印度短刀",
            "id": "Ch_PT_1227",
            "sellable": false
          },
          {
            "childProductName": "弹簧折刀",
            "id": "Ch_PT_1230",
            "sellable": false
          },
          {
            "childProductName": "忍者叉",
            "id": "Ch_PT_1237",
            "sellable": false
          },
          {
            "childProductName": "自动小剑",
            "id": "Ch_PT_1248",
            "sellable": false
          },
          {
            "childProductName": "拳刺",
            "id": "Ch_PT_1256",
            "sellable": false
          },
          {
            "childProductName": "连枷",
            "id": "Ch_PT_1266",
            "sellable": false
          },
          {
            "childProductName": "双刃忍者刀",
            "id": "Ch_PT_1268",
            "sellable": false
          },
          {
            "childProductName": "带有金属钉的戒指",
            "id": "Ch_PT_1279",
            "sellable": false
          },
          {
            "childProductName": "链鞭",
            "id": "Ch_PT_1289",
            "sellable": false
          },
          {
            "childProductName": "梳刀或发刷刀",
            "id": "Ch_PT_1299",
            "sellable": false
          },
          {
            "childProductName": "狼牙棒",
            "id": "Ch_PT_1305",
            "sellable": false
          },
          {
            "childProductName": "流星锤狼牙棒",
            "id": "Ch_PT_1306",
            "sellable": false
          },
          {
            "childProductName": "金刚杵狼牙棒",
            "id": "Ch_PT_1307",
            "sellable": false
          },
          {
            "childProductName": "唇膏刀",
            "id": "Ch_PT_1313",
            "sellable": false
          },
          {
            "childProductName": "双刃短刀",
            "id": "Ch_PT_1317",
            "sellable": false
          },
          {
            "childProductName": "刺刀",
            "id": "Ch_PT_1345",
            "sellable": false
          },
          {
            "childProductName": "弹道刀",
            "id": "Ch_PT_1347",
            "sellable": false
          },
          {
            "childProductName": "锁镰",
            "id": "Ch_PT_1350",
            "sellable": false
          }
        ],
        "productName": "户外急救和安全"
      }
    ],
    "shipTo": "IN"
  },
  {
    "category": "服装",
    "productList": [
      {
        "childProductList": [
          {
            "childProductName": "女士内衣",
            "id": "Ch_PT_1050",
            "sellable": false
          },
          {
            "childProductName": "胸罩",
            "id": "Ch_PT_1098",
            "sellable": false
          }
        ],
        "productName": "女士内衣"
      }
    ],
    "shipTo": "IN"
  },
  {
    "category": "体育用品",
    "productList": [
      {
        "childProductList": [
          {
            "childProductName": "前向握把",
            "id": "Ch_PT_1057",
            "sellable": false
          },
          {
            "childProductName": "握把套",
            "id": "Ch_PT_1058",
            "sellable": false
          },
          {
            "childProductName": "夜视装置 (NVD)",
            "id": "Ch_PT_1061",
            "sellable": false
          },
          {
            "childProductName": "战术导轨",
            "id": "Ch_PT_1065",
            "sellable": false
          },
          {
            "childProductName": "警棍",
            "id": "Ch_PT_1066",
            "sellable": false
          },
          {
            "childProductName": "喷射式眩晕枪",
            "id": "Ch_PT_1077",
            "sellable": false
          },
          {
            "childProductName": "非喷射式眩晕枪",
            "id": "Ch_PT_1078",
            "sellable": false
          },
          {
            "childProductName": "眩晕警棍",
            "id": "Ch_PT_1079",
            "sellable": false
          },
          {
            "childProductName": "导电能源设备/武器",
            "id": "Ch_PT_1080",
            "sellable": false
          },
          {
            "childProductName": "弩",
            "id": "Ch_PT_1084",
            "sellable": false
          },
          {
            "childProductName": "战术枪架手电筒",
            "id": "Ch_PT_1092",
            "sellable": false
          },
          {
            "childProductName": "硬头软鞭",
            "id": "Ch_PT_1094",
            "sellable": false
          },
          {
            "childProductName": "枪械的单脚架/两脚架/三脚架",
            "id": "Ch_PT_1105",
            "sellable": false
          },
          {
            "childProductName": "破片手榴弹",
            "id": "Ch_PT_1107",
            "sellable": false
          },
          {
            "childProductName": "眩晕手雷",
            "id": "Ch_PT_1108",
            "sellable": false
          },
          {
            "childProductName": "反坦克榴弹",
            "id": "Ch_PT_1109",
            "sellable": false
          },
          {
            "childProductName": "眩晕用品",
            "id": "Ch_PT_1110",
            "sellable": false
          },
          {
            "childProductName": "化学和毒气手榴弹",
            "id": "Ch_PT_1111",
            "sellable": false
          },
          {
            "childProductName": "枪榴弹",
            "id": "Ch_PT_1112",
            "sellable": false
          },
          {
            "childProductName": "军用手榴弹",
            "id": "Ch_PT_1113",
            "sellable": false
          },
          {
            "childProductName": "榴弹发射器",
            "id": "Ch_PT_1114",
            "sellable": false
          },
          {
            "childProductName": "榴弹发射器附件",
            "id": "Ch_PT_1115",
            "sellable": false
          },
          {
            "childProductName": "战术滑架",
            "id": "Ch_PT_1121",
            "sellable": false
          },
          {
            "childProductName": "可拆卸板",
            "id": "Ch_PT_1122",
            "sellable": false
          },
          {
            "childProductName": "导杆（带/不带反冲弹簧）",
            "id": "Ch_PT_1123",
            "sellable": false
          },
          {
            "childProductName": "弹匣底座底板",
            "id": "Ch_PT_1124",
            "sellable": false
          },
          {
            "childProductName": "手枪套筒",
            "id": "Ch_PT_1125",
            "sellable": false
          },
          {
            "childProductName": "枪/手枪保险绳",
            "id": "Ch_PT_1126",
            "sellable": false
          },
          {
            "childProductName": "钱包枪套",
            "id": "Ch_PT_1127",
            "sellable": false
          },
          {
            "childProductName": "击发把手",
            "id": "Ch_PT_1128",
            "sellable": false
          },
          {
            "childProductName": "人体润滑剂",
            "id": "Ch_PT_1129",
            "sellable": false
          },
          {
            "childProductName": "枪/步枪弹匣",
            "id": "Ch_PT_1140",
            "sellable": false
          },
          {
            "childProductName": "枪/步枪弹匣装弹器",
            "id": "Ch_PT_1141",
            "sellable": false
          },
          {
            "childProductName": "枪/步枪弹夹",
            "id": "Ch_PT_1142",
            "sellable": false
          },
          {
            "childProductName": "弹药带",
            "id": "Ch_PT_1143",
            "sellable": false
          },
          {
            "childProductName": "彩弹枪和弹药",
            "id": "Ch_PT_1155",
            "sellable": false
          },
          {
            "childProductName": "气枪",
            "id": "Ch_PT_1198",
            "sellable": false
          },
          {
            "childProductName": "气枪弹丸",
            "id": "Ch_PT_1199",
            "sellable": false
          },
          {
            "childProductName": "软气枪",
            "id": "Ch_PT_1200",
            "sellable": false
          },
          {
            "childProductName": "仿制枪械",
            "id": "Ch_PT_1205",
            "sellable": false
          },
          {
            "childProductName": "枪械弹药",
            "id": "Ch_PT_1217",
            "sellable": false
          },
          {
            "childProductName": "手足枷/把手/秋千",
            "id": "Ch_PT_1220",
            "sellable": false
          },
          {
            "childProductName": "步枪反冲垫",
            "id": "Ch_PT_1221",
            "sellable": false
          },
          {
            "childProductName": "枪管",
            "id": "Ch_PT_1222",
            "sellable": false
          },
          {
            "childProductName": "枪管罩",
            "id": "Ch_PT_1223",
            "sellable": false
          },
          {
            "childProductName": "枪管护手",
            "id": "Ch_PT_1224",
            "sellable": false
          },
          {
            "childProductName": "玩具枪",
            "id": "Ch_PT_1226",
            "sellable": false
          },
          {
            "childProductName": "消焰器",
            "id": "Ch_PT_1231",
            "sellable": false
          },
          {
            "childProductName": "消音器",
            "id": "Ch_PT_1232",
            "sellable": false
          },
          {
            "childProductName": "枪口制退器",
            "id": "Ch_PT_1233",
            "sellable": false
          },
          {
            "childProductName": "枪口罩",
            "id": "Ch_PT_1234",
            "sellable": false
          },
          {
            "childProductName": "彩弹枪/标记枪",
            "id": "Ch_PT_1240",
            "sellable": false
          },
          {
            "childProductName": "装弹器",
            "id": "Ch_PT_1241",
            "sellable": false
          },
          {
            "childProductName": "气箱",
            "id": "Ch_PT_1242",
            "sellable": false
          },
          {
            "childProductName": "弓和箭",
            "id": "Ch_PT_1282",
            "sellable": false
          },
          {
            "childProductName": "气枪配件",
            "id": "Ch_PT_1283",
            "sellable": false
          },
          {
            "childProductName": "望远镜瞄准器",
            "id": "Ch_PT_1291",
            "sellable": false
          },
          {
            "childProductName": "激光瞄准器",
            "id": "Ch_PT_1292",
            "sellable": false
          },
          {
            "childProductName": "反射瞄准器",
            "id": "Ch_PT_1293",
            "sellable": false
          },
          {
            "childProductName": "机械瞄准器",
            "id": "Ch_PT_1294",
            "sellable": false
          },
          {
            "childProductName": "膛内瞄准具",
            "id": "Ch_PT_1295",
            "sellable": false
          },
          {
            "childProductName": "枪械",
            "id": "Ch_PT_1319",
            "sellable": false
          },
          {
            "childProductName": "发令枪",
            "id": "Ch_PT_1320",
            "sellable": false
          },
          {
            "childProductName": "自制小手枪",
            "id": "Ch_PT_1321",
            "sellable": false
          },
          {
            "childProductName": "金属回力镖",
            "id": "Ch_PT_1331",
            "sellable": false
          }
        ],
        "productName": "狩猎/软弹气枪/彩弹"
      },
      {
        "childProductList": [
          {
            "childProductName": "武术兵器",
            "id": "Ch_PT_1147",
            "sellable": false
          }
        ],
        "productName": "武术"
      }
    ],
    "shipTo": "IN"
  },
  {
    "category": "母婴",
    "productList": [
      {
        "childProductList": [
          {
            "childProductName": "婴儿奶瓶",
            "id": "Ch_PT_599",
            "sellable": true
          },
          {
            "childProductName": "儿童增高椅",
            "id": "Ch_PT_606",
            "sellable": true
          }
        ],
        "productName": "喂养用品"
      },
      {
        "childProductList": [
          {
            "childProductName": "前向式儿童乘员用约束装置",
            "id": "Ch_PT_607",
            "sellable": true
          },
          {
            "childProductName": "婴儿提篮",
            "id": "Ch_PT_605",
            "sellable": true
          },
          {
            "childProductName": "后向式儿童乘员用约束装置",
            "id": "Ch_PT_608",
            "sellable": true
          }
        ],
        "productName": "汽车座椅"
      }
    ],
    "shipTo": "IN"
  },
  {
    "category": "工具",
    "productList": [
      {
        "childProductList": [
          {
            "childProductName": "幼儿/婴儿面罩",
            "id": "Ch_PT_647",
            "sellable": false
          },
          {
            "childProductName": "幼儿/婴儿口罩",
            "id": "Ch_PT_646",
            "sellable": true
          }
        ],
        "productName": "安保与安全"
      },
      {
        "childProductList": [
          {
            "childProductName": "开锁设备",
            "id": "Ch_PT_1192",
            "sellable": false
          },
          {
            "childProductName": "力矩扳手",
            "id": "Ch_PT_1193",
            "sellable": false
          },
          {
            "childProductName": "半钻石/全钻石开锁工具",
            "id": "Ch_PT_1194",
            "sellable": false
          },
          {
            "childProductName": "钩形开锁工具",
            "id": "Ch_PT_1195",
            "sellable": false
          },
          {
            "childProductName": "球形开锁工具",
            "id": "Ch_PT_1196",
            "sellable": false
          },
          {
            "childProductName": "耙形开锁工具",
            "id": "Ch_PT_1197",
            "sellable": false
          },
          {
            "childProductName": "汽车开锁工具",
            "id": "Ch_PT_1247",
            "sellable": false
          },
          {
            "childProductName": "开锁枪",
            "id": "Ch_PT_1280",
            "sellable": false
          },
          {
            "childProductName": "管状开锁工具",
            "id": "Ch_PT_1309",
            "sellable": false
          },
          {
            "childProductName": "Slim Jim",
            "id": "Ch_PT_1316",
            "sellable": false
          }
        ],
        "productName": "手工工具"
      }
    ],
    "shipTo": "IN"
  },
  {
    "category": "玩具",
    "productList": [
      {
        "childProductList": [
          {
            "childProductName": "指尖陀螺",
            "id": "Ch_PT_609",
            "sellable": true
          },
          {
            "childProductName": "飞镖指尖陀螺",
            "id": "Ch_PT_610",
            "sellable": false
          },
          {
            "childProductName": "飞镖",
            "id": "Ch_PT_1051",
            "sellable": false
          },
          {
            "childProductName": "无人机系统 (UAS)",
            "id": "Ch_PT_1083",
            "sellable": false
          },
          {
            "childProductName": "风筝线",
            "id": "Ch_PT_1100",
            "sellable": false
          }
        ],
        "productName": "户外和运动玩具"
      },
      {
        "childProductList": [
          {
            "childProductName": "磁性积木片",
            "id": "Ch_PT_626",
            "sellable": true
          }
        ],
        "productName": "婴幼儿/学龄前儿童"
      },
      {
        "childProductList": [
          {
            "childProductName": "古币",
            "id": "Ch_PT_1076",
            "sellable": false
          },
          {
            "childProductName": "货币",
            "id": "Ch_PT_1353",
            "sellable": false
          }
        ],
        "productName": "收藏类玩具"
      },
      {
        "childProductList": [
          {
            "childProductName": "水珠",
            "id": "Ch_PT_3874",
            "sellable": false
          }
        ],
        "productName": "玩具"
      }
    ],
    "shipTo": "IN"
  },
  {
    "category": "草坪和花园",
    "productList": [
      {
        "childProductList": [
          {
            "childProductName": "Hatha Jodi",
            "id": "Ch_PT_1067",
            "sellable": false
          },
          {
            "childProductName": "猪笼草",
            "id": "Ch_PT_1229",
            "sellable": false
          },
          {
            "childProductName": "兜兰",
            "id": "Ch_PT_1254",
            "sellable": false
          },
          {
            "childProductName": "红色万带兰",
            "id": "Ch_PT_1257",
            "sellable": false
          },
          {
            "childProductName": "蓝色万带兰",
            "id": "Ch_PT_1258",
            "sellable": false
          },
          {
            "childProductName": "蓝色兰花",
            "id": "Ch_PT_1259",
            "sellable": false
          },
          {
            "childProductName": "云木香/广木香",
            "id": "Ch_PT_1302",
            "sellable": false
          },
          {
            "childProductName": "印度苏铁",
            "id": "Ch_PT_1310",
            "sellable": false
          }
        ],
        "productName": "园艺"
      },
      {
        "childProductList": [
          {
            "childProductName": "长柄镰刀",
            "id": "Ch_PT_1253",
            "sellable": false
          }
        ],
        "productName": "农业"
      }
    ],
    "shipTo": "IN"
  },
  {
    "category": "电子产品",
    "productList": [
      {
        "childProductList": [
          {
            "childProductName": "手机电源适配器",
            "id": "Ch_PT_600",
            "sellable": true
          },
          {
            "childProductName": "手机电池",
            "id": "Ch_PT_602",
            "sellable": true
          },
          {
            "childProductName": "移动电源",
            "id": "Ch_PT_636",
            "sellable": true
          },
          {
            "childProductName": "电子烟电线和线圈",
            "id": "Ch_PT_1044",
            "sellable": false
          },
          {
            "childProductName": "喷雾器",
            "id": "Ch_PT_1156",
            "sellable": false
          },
          {
            "childProductName": "雾化烟弹",
            "id": "Ch_PT_1157",
            "sellable": false
          },
          {
            "childProductName": "电子烟电池/充电器/适配器",
            "id": "Ch_PT_1271",
            "sellable": false
          },
          {
            "childProductName": "盒子电池体",
            "id": "Ch_PT_1272",
            "sellable": false
          }
        ],
        "productName": "其他配件"
      }
    ],
    "shipTo": "IN"
  },
  {
    "category": "珠宝首饰",
    "productList": [
      {
        "childProductList": [
          {
            "childProductName": "结婚戒指",
            "id": "Ch_PT_1103",
            "sellable": false
          }
        ],
        "productName": "婚礼和订婚"
      }
    ],
    "shipTo": "IN"
  },
  {
    "category": "个人电脑",
    "productList": [
      {
        "childProductList": [
          {
            "childProductName": "笔记本电脑电源适配器",
            "id": "Ch_PT_601",
            "sellable": true
          },
          {
            "childProductName": "笔记本电脑电池",
            "id": "Ch_PT_603",
            "sellable": true
          }
        ],
        "productName": "笔记本电脑配件"
      },
      {
        "childProductList": [
          {
            "childProductName": "Class2Magic 设备",
            "id": "Ch_PT_1184",
            "sellable": false
          }
        ],
        "productName": "电脑外围设备"
      }
    ],
    "shipTo": "IN"
  },
  {
    "category": "厨房",
    "productList": [
      {
        "childProductList": [
          {
            "childProductName": "家用燃气灶",
            "id": "Ch_PT_616",
            "sellable": true
          },
          {
            "childProductName": "家用高压锅",
            "id": "Ch_PT_654",
            "sellable": true
          },
          {
            "childProductName": "电磁炉",
            "id": "Ch_PT_1480",
            "sellable": true
          }
        ],
        "productName": "烹饪器具"
      }
    ],
    "shipTo": "IN"
  },
  {
    "category": "家居",
    "productList": [
      {
        "childProductList": [
          {
            "childProductName": "使用液化石油气的家用热水器",
            "id": "Ch_PT_621",
            "sellable": true
          },
          {
            "childProductName": "室内电暖器",
            "id": "Ch_PT_619",
            "sellable": true
          }
        ],
        "productName": "家居环境"
      },
      {
        "childProductList": [
          {
            "childProductName": "塑料旗帜",
            "id": "Ch_PT_1153",
            "sellable": false
          },
          {
            "childProductName": "塑料旗布",
            "id": "Ch_PT_1154",
            "sellable": false
          }
        ],
        "productName": "家居装饰"
      }
    ],
    "shipTo": "IN"
  },
  {
    "category": "汽车用品",
    "productList": [
      {
        "childProductList": [
          {
            "childProductName": "气囊",
            "id": "Ch_PT_1069",
            "sellable": false
          },
          {
            "childProductName": "配重环",
            "id": "Ch_PT_1286",
            "sellable": false
          }
        ],
        "productName": "车身、装饰和防撞零件"
      },
      {
        "childProductList": [
          {
            "childProductName": "铁蒺藜",
            "id": "Ch_PT_1300",
            "sellable": false
          }
        ],
        "productName": "轮胎和轮辋"
      }
    ],
    "shipTo": "IN"
  },
  {
    "category": "美妆",
    "productList": [
      {
        "childProductList": [
          {
            "childProductName": "可注射化妆品",
            "id": "Ch_PT_1085",
            "sellable": false
          }
        ],
        "productName": "大众化妆品"
      }
    ],
    "shipTo": "IN"
  },
  {
    "category": "数据活动计划",
    "productList": [
      {
        "childProductList": [
          {
            "childProductName": "数据库商品",
            "id": "Ch_PT_1228",
            "sellable": false
          }
        ],
        "productName": "个人文件"
      }
    ],
    "shipTo": "IN"
  },
  {
    "category": "视频游戏",
    "productList": [
      {
        "childProductList": [
          {
            "childProductName": "True Blue Mini 设备",
            "id": "Ch_PT_1238",
            "sellable": false
          },
          {
            "childProductName": "Pokemon-Go 账户",
            "id": "Ch_PT_1296",
            "sellable": false
          }
        ],
        "productName": "其他"
      }
    ],
    "shipTo": "IN"
  },
  {
    "category": "宠物用品",
    "productList": [
      {
        "childProductList": [
          {
            "childProductName": "狗繁殖/交配架",
            "id": "Ch_PT_1245",
            "sellable": false
          }
        ],
        "productName": "培训和行为"
      },
      {
        "childProductList": [
          {
            "childProductName": "兽药",
            "id": "Ch_PT_1354",
            "sellable": false
          }
        ],
        "productName": "健康护理"
      }
    ],
    "shipTo": "IN"
  },
  {
    "category": "个护用品",
    "productList": [
      {
        "childProductList": [
          {
            "childProductName": "指夹式脉搏血氧仪",
            "id": "Ch_PT_648",
            "sellable": true
          }
        ],
        "productName": "医疗用品和设备"
      }
    ],
    "shipTo": "IN"
  },
  {
    "category": "无线产品",
    "productList": [
      {
        "childProductList": [
          {
            "childProductName": "手机车载充电器",
            "id": "Ch_PT_604",
            "sellable": true
          },
          {
            "childProductName": "破解机场内的旅馆 WIFI",
            "id": "Ch_PT_1304",
            "sellable": false
          }
        ],
        "productName": "无线配件"
      },
      {
        "childProductList": [
          {
            "childProductName": "无线干扰器",
            "id": "Ch_PT_1059",
            "sellable": false
          },
          {
            "childProductName": "移动信号增压器和中继器",
            "id": "Ch_PT_1097",
            "sellable": false
          }
        ],
        "productName": "无线产品配件"
      }
    ],
    "shipTo": "IN"
  },
  {
    "category": "食品",
    "productList": [
      {
        "childProductList": [
          {
            "childProductName": "蒸馏酒精饮料",
            "id": "Ch_PT_1047",
            "sellable": false
          },
          {
            "childProductName": "啤酒",
            "id": "Ch_PT_1120",
            "sellable": false
          },
          {
            "childProductName": "葡萄酒",
            "id": "Ch_PT_1148",
            "sellable": false
          },
          {
            "childProductName": "酒瓶",
            "id": "Ch_PT_1263",
            "sellable": false
          },
          {
            "childProductName": "呼气测试仪",
            "id": "Ch_PT_1264",
            "sellable": false
          },
          {
            "childProductName": "饮酒游戏",
            "id": "Ch_PT_1265",
            "sellable": false
          }
        ],
        "productName": "啤酒、葡萄酒和烈酒"
      },
      {
        "childProductList": [
          {
            "childProductName": "牛肉",
            "id": "Ch_PT_1116",
            "sellable": false
          },
          {
            "childProductName": "鹅肝酱",
            "id": "Ch_PT_1290",
            "sellable": false
          }
        ],
        "productName": "生鲜食品"
      },
      {
        "childProductList": [
          {
            "childProductName": "纯咖啡因粉状商品",
            "id": "Ch_PT_1288",
            "sellable": false
          }
        ],
        "productName": "饮料"
      },
      {
        "childProductList": [
          {
            "childProductName": "Haleem",
            "id": "Ch_PT_1314",
            "sellable": false
          }
        ],
        "productName": "调味品、涂抹酱和烹调配料"
      }
    ],
    "shipTo": "IN"
  },
  {
    "category": "药物和保健品",
    "productList": [
      {
        "childProductList": [
          {
            "childProductName": "臀霜",
            "id": "Ch_PT_1049",
            "sellable": false
          },
          {
            "childProductName": "槟榔",
            "id": "Ch_PT_1053",
            "sellable": false
          },
          {
            "childProductName": "丁烷蜂蜜油萃取器管/套件",
            "id": "Ch_PT_1055",
            "sellable": false
          },
          {
            "childProductName": "电子烟贴花",
            "id": "Ch_PT_1062",
            "sellable": false
          },
          {
            "childProductName": "防身喷雾",
            "id": "Ch_PT_1063",
            "sellable": false
          },
          {
            "childProductName": "大麻用具",
            "id": "Ch_PT_1088",
            "sellable": false
          },
          {
            "childProductName": "水烟及配件",
            "id": "Ch_PT_1090",
            "sellable": false
          },
          {
            "childProductName": "电子烟和配件",
            "id": "Ch_PT_1091",
            "sellable": false
          },
          {
            "childProductName": "大麻和大麻种子",
            "id": "Ch_PT_1106",
            "sellable": false
          },
          {
            "childProductName": "电子烟",
            "id": "Ch_PT_1137",
            "sellable": false
          },
          {
            "childProductName": "无烟烟草",
            "id": "Ch_PT_1138",
            "sellable": false
          },
          {
            "childProductName": "咀嚼烟草",
            "id": "Ch_PT_1139",
            "sellable": false
          },
          {
            "childProductName": "冠状病毒抗体和重组体",
            "id": "Ch_PT_1145",
            "sellable": false
          },
          {
            "childProductName": "冠状病毒检测试剂盒",
            "id": "Ch_PT_1146",
            "sellable": false
          },
          {
            "childProductName": "电子烟油",
            "id": "Ch_PT_1150",
            "sellable": false
          },
          {
            "childProductName": "新冠肺炎疫苗",
            "id": "Ch_PT_1174",
            "sellable": false
          },
          {
            "childProductName": "可溶解烟草制品",
            "id": "Ch_PT_1183",
            "sellable": false
          },
          {
            "childProductName": "Gutka",
            "id": "Ch_PT_1185",
            "sellable": false
          },
          {
            "childProductName": "丁烷蜂蜜油萃取器配件",
            "id": "Ch_PT_1216",
            "sellable": false
          },
          {
            "childProductName": "水烟口味",
            "id": "Ch_PT_1246",
            "sellable": false
          },
          {
            "childProductName": "鼻烟草",
            "id": "Ch_PT_1260",
            "sellable": false
          },
          {
            "childProductName": "嚼用烟草",
            "id": "Ch_PT_1273",
            "sellable": false
          },
          {
            "childProductName": "散叶嚼用烟草",
            "id": "Ch_PT_1274",
            "sellable": false
          },
          {
            "childProductName": "塞式嚼用烟草",
            "id": "Ch_PT_1275",
            "sellable": false
          },
          {
            "childProductName": "球状嚼用烟草",
            "id": "Ch_PT_1276",
            "sellable": false
          },
          {
            "childProductName": "混合嚼用烟草",
            "id": "Ch_PT_1277",
            "sellable": false
          },
          {
            "childProductName": "烟草口香糖",
            "id": "Ch_PT_1301",
            "sellable": false
          },
          {
            "childProductName": "香烟",
            "id": "Ch_PT_1323",
            "sellable": false
          },
          {
            "childProductName": "雪茄",
            "id": "Ch_PT_1324",
            "sellable": false
          },
          {
            "childProductName": "钝器",
            "id": "Ch_PT_1325",
            "sellable": false
          },
          {
            "childProductName": "小雪茄烟",
            "id": "Ch_PT_1326",
            "sellable": false
          },
          {
            "childProductName": "方头雪茄烟",
            "id": "Ch_PT_1327",
            "sellable": false
          },
          {
            "childProductName": "丁香烟",
            "id": "Ch_PT_1328",
            "sellable": false
          },
          {
            "childProductName": "比迪烟/生卷烟",
            "id": "Ch_PT_1329",
            "sellable": false
          },
          {
            "childProductName": "Iqmik",
            "id": "Ch_PT_1343",
            "sellable": false
          },
          {
            "childProductName": "Naswar 烟草制品",
            "id": "Ch_PT_1346",
            "sellable": false
          },
          {
            "childProductName": "湿鼻烟烟草制品",
            "id": "Ch_PT_1351",
            "sellable": false
          }
        ],
        "productName": "健康和保健"
      },
      {
        "childProductList": [
          {
            "childProductName": "胸部按摩器",
            "id": "Ch_PT_1052",
            "sellable": false
          },
          {
            "childProductName": "振动器",
            "id": "Ch_PT_1054",
            "sellable": false
          },
          {
            "childProductName": "肛门钩",
            "id": "Ch_PT_1060",
            "sellable": false
          },
          {
            "childProductName": "乳头夹",
            "id": "Ch_PT_1068",
            "sellable": false
          },
          {
            "childProductName": "情趣玩具/捆绑用具",
            "id": "Ch_PT_1082",
            "sellable": false
          },
          {
            "childProductName": "口塞",
            "id": "Ch_PT_1087",
            "sellable": false
          },
          {
            "childProductName": "阴茎延长套",
            "id": "Ch_PT_1089",
            "sellable": false
          },
          {
            "childProductName": "恋物癖捆绑床束缚用品和束缚器",
            "id": "Ch_PT_1095",
            "sellable": false
          },
          {
            "childProductName": "球拉伸器",
            "id": "Ch_PT_1117",
            "sellable": false
          },
          {
            "childProductName": "贞操锁",
            "id": "Ch_PT_1131",
            "sellable": false
          },
          {
            "childProductName": "男性自慰器",
            "id": "Ch_PT_1151",
            "sellable": false
          },
          {
            "childProductName": "阴茎环 ",
            "id": "Ch_PT_1152",
            "sellable": false
          },
          {
            "childProductName": "恋物癖情趣玩具",
            "id": "Ch_PT_1175",
            "sellable": false
          },
          {
            "childProductName": "阴茎泵",
            "id": "Ch_PT_1177",
            "sellable": false
          },
          {
            "childProductName": "肛门冲洗器",
            "id": "Ch_PT_1178",
            "sellable": false
          },
          {
            "childProductName": "内用球",
            "id": "Ch_PT_1187",
            "sellable": false
          },
          {
            "childProductName": "情趣骰子",
            "id": "Ch_PT_1189",
            "sellable": false
          },
          {
            "childProductName": "性玩偶",
            "id": "Ch_PT_1190",
            "sellable": false
          },
          {
            "childProductName": "前列腺按摩器",
            "id": "Ch_PT_1244",
            "sellable": false
          },
          {
            "childProductName": "情趣束缚带",
            "id": "Ch_PT_1251",
            "sellable": false
          },
          {
            "childProductName": "丰胸设备",
            "id": "Ch_PT_1255",
            "sellable": false
          },
          {
            "childProductName": "睾丸束缚器",
            "id": "Ch_PT_1267",
            "sellable": false
          },
          {
            "childProductName": "肛门珠",
            "id": "Ch_PT_1281",
            "sellable": false
          },
          {
            "childProductName": "阴茎奶嘴",
            "id": "Ch_PT_1284",
            "sellable": false
          },
          {
            "childProductName": "情趣铃",
            "id": "Ch_PT_1287",
            "sellable": false
          },
          {
            "childProductName": "肛门塞",
            "id": "Ch_PT_1298",
            "sellable": false
          },
          {
            "childProductName": "阴茎塞",
            "id": "Ch_PT_1315",
            "sellable": false
          },
          {
            "childProductName": "性交姿势游戏卡",
            "id": "Ch_PT_1318",
            "sellable": false
          },
          {
            "childProductName": "贞操带",
            "id": "Ch_PT_1330",
            "sellable": false
          },
          {
            "childProductName": "避孕套",
            "id": "Ch_PT_1333",
            "sellable": false
          },
          {
            "childProductName": "隔膜",
            "id": "Ch_PT_1334",
            "sellable": false
          },
          {
            "childProductName": "子宫帽",
            "id": "Ch_PT_1335",
            "sellable": false
          },
          {
            "childProductName": "口腔橡皮障",
            "id": "Ch_PT_1336",
            "sellable": false
          },
          {
            "childProductName": "避孕海绵",
            "id": "Ch_PT_1337",
            "sellable": false
          },
          {
            "childProductName": "杀精剂",
            "id": "Ch_PT_1338",
            "sellable": false
          },
          {
            "childProductName": "口服避孕用品",
            "id": "Ch_PT_1339",
            "sellable": false
          },
          {
            "childProductName": "紧急避孕药",
            "id": "Ch_PT_1340",
            "sellable": false
          },
          {
            "childProductName": "激素类避孕用具",
            "id": "Ch_PT_1341",
            "sellable": false
          },
          {
            "childProductName": "IUD（宫内节育器）",
            "id": "Ch_PT_1342",
            "sellable": false
          },
          {
            "childProductName": "GIMP 套装和 GIMP 面罩",
            "id": "Ch_PT_1348",
            "sellable": false
          },
          {
            "childProductName": "阴茎笼子",
            "id": "Ch_PT_1349",
            "sellable": false
          }
        ],
        "productName": "成人用品"
      },
      {
        "childProductList": [
          {
            "childProductName": "吸毒装置",
            "id": "Ch_PT_1086",
            "sellable": false
          },
          {
            "childProductName": "CPAP 机器及相关配件",
            "id": "Ch_PT_1188",
            "sellable": false
          },
          {
            "childProductName": "压片机和模具",
            "id": "Ch_PT_1332",
            "sellable": false
          }
        ],
        "productName": "医疗用品和设备"
      },
      {
        "childProductList": [
          {
            "childProductName": "激素改变商品",
            "id": "Ch_PT_1180",
            "sellable": false
          },
          {
            "childProductName": "激素检测试剂盒",
            "id": "Ch_PT_1181",
            "sellable": false
          },
          {
            "childProductName": "怀孕/生育力/排卵检测用品",
            "id": "Ch_PT_1204",
            "sellable": false
          },
          {
            "childProductName": "性别预测检测用品",
            "id": "Ch_PT_1218",
            "sellable": false
          },
          {
            "childProductName": "克霉唑阴道霜/凝胶/片剂",
            "id": "Ch_PT_1249",
            "sellable": false
          },
          {
            "childProductName": "HIV/AIDS 筛查和检测用品",
            "id": "Ch_PT_1252",
            "sellable": false
          },
          {
            "childProductName": "癌症筛查和检测用品",
            "id": "Ch_PT_1269",
            "sellable": false
          },
          {
            "childProductName": "私处卫生用品",
            "id": "Ch_PT_1278",
            "sellable": false
          },
          {
            "childProductName": "婴儿顺势疗法出牙药",
            "id": "Ch_PT_1311",
            "sellable": false
          },
          {
            "childProductName": "顺势疗法药",
            "id": "Ch_PT_1322",
            "sellable": false
          },
          {
            "childProductName": "处方药",
            "id": "Ch_PT_1352",
            "sellable": false
          },
          {
            "childProductName": "精神药物",
            "id": "Ch_PT_1355",
            "sellable": false
          }
        ],
        "productName": "健康护理"
      }
    ],
    "shipTo": "IN"
  },
  {
    "category": "其他商品",
    "productList": [
      {
        "childProductList": [
          {
            "childProductName": "一次性塑料/聚酯泡沫制品",
            "id": "Ch_PT_1048",
            "sellable": false
          },
          {
            "childProductName": "塑料手提袋",
            "id": "Ch_PT_1081",
            "sellable": false
          },
          {
            "childProductName": "一次性塑料商品",
            "id": "Ch_PT_1144",
            "sellable": false
          }
        ],
        "productName": "清洁和卫生"
      },
      {
        "childProductList": [
          {
            "childProductName": "运尸袋",
            "id": "Ch_PT_1070",
            "sellable": false
          },
          {
            "childProductName": "棺材/骨灰盒 ",
            "id": "Ch_PT_1071",
            "sellable": false
          },
          {
            "childProductName": "墓碑",
            "id": "Ch_PT_1072",
            "sellable": false
          },
          {
            "childProductName": "防腐剂",
            "id": "Ch_PT_1073",
            "sellable": false
          },
          {
            "childProductName": "骨灰盒",
            "id": "Ch_PT_1074",
            "sellable": false
          },
          {
            "childProductName": "纪念石/牌匾",
            "id": "Ch_PT_1075",
            "sellable": false
          },
          {
            "childProductName": "人体部位",
            "id": "Ch_PT_1250",
            "sellable": false
          }
        ],
        "productName": "人体部位和墓葬文物"
      },
      {
        "childProductList": [
          {
            "childProductName": "活鱼",
            "id": "Ch_PT_1119",
            "sellable": false
          },
          {
            "childProductName": "鲨鱼软骨",
            "id": "Ch_PT_1158",
            "sellable": false
          },
          {
            "childProductName": "罗网",
            "id": "Ch_PT_1159",
            "sellable": false
          },
          {
            "childProductName": "捕蛇棍/钩/钳",
            "id": "Ch_PT_1243",
            "sellable": false
          },
          {
            "childProductName": "夹腿捕捉器",
            "id": "Ch_PT_1261",
            "sellable": false
          },
          {
            "childProductName": "躯干捕捉器",
            "id": "Ch_PT_1262",
            "sellable": false
          },
          {
            "childProductName": "由昆虫制成的人类食品类商品",
            "id": "Ch_PT_1303",
            "sellable": false
          },
          {
            "childProductName": "野生动物",
            "id": "Ch_PT_1358",
            "sellable": false
          }
        ],
        "productName": "活体动物"
      },
      {
        "childProductList": [
          {
            "childProductName": "海芒果种子",
            "id": "Ch_PT_1191",
            "sellable": false
          },
          {
            "childProductName": "地雷",
            "id": "Ch_PT_1235",
            "sellable": false
          },
          {
            "childProductName": "塞姆汀炸药",
            "id": "Ch_PT_1239",
            "sellable": false
          },
          {
            "childProductName": "C4 炸药",
            "id": "Ch_PT_1270",
            "sellable": false
          },
          {
            "childProductName": "莫洛托夫鸡尾酒",
            "id": "Ch_PT_1285",
            "sellable": false
          },
          {
            "childProductName": "硝酸甘油炸药",
            "id": "Ch_PT_1308",
            "sellable": false
          },
          {
            "childProductName": "化学品可疑物质",
            "id": "Ch_PT_1356",
            "sellable": false
          },
          {
            "childProductName": "有机污染物",
            "id": "Ch_PT_1357",
            "sellable": false
          }
        ],
        "productName": "化学和生命科学"
      },
      {
        "childProductList": [
          {
            "childProductName": "教学用骨骼",
            "id": "Ch_PT_1312",
            "sellable": false
          }
        ],
        "productName": "教育用品"
      },
      {
        "childProductList": [
          {
            "childProductName": "身份卡",
            "id": "Ch_PT_1236",
            "sellable": false
          },
          {
            "childProductName": "UPC 和 EAN 代码",
            "id": "Ch_PT_1297",
            "sellable": false
          },
          {
            "childProductName": "克隆设备",
            "id": "Ch_PT_1344",
            "sellable": false
          }
        ],
        "productName": "其他"
      }
    ],
    "shipTo": "IN"
  }
]