[
  {
    "productName": "服装",
    "childProductList": [
      {
        "childProductList": [
          {
            "productName": "腰部带拉绳的儿童上衣",
            "id": "Ch_PT_254",
            "sellable": true
          },
          {
            "productName": "领口带拉绳的儿童上衣",
            "id": "Ch_PT_253",
            "sellable": false
          },
          {
            "productName": "儿童睡衣",
            "id": "Ch_PT_302",
            "sellable": true
          }
        ],
        "productName": "婴儿服装"
      }
    ],
    "shipTo": "US"
  },
  {
    "productName": "母婴",
    "childProductList": [
      {
        "childProductList": [
          {
            "productName": "游戏围栏",
            "id": "Ch_PT_319",
            "sellable": true
          },
          {
            "productName": "固定式活动中心",
            "id": "Ch_PT_318",
            "sellable": true
          }
        ],
        "productName": "活动和装备"
      },
      {
        "childProductList": [
          {
            "productName": "背巾",
            "id": "Ch_PT_321",
            "sellable": true
          },
          {
            "productName": "框架式儿童背带",
            "id": "Ch_PT_312",
            "sellable": true
          },
          {
            "productName": "全尺寸婴儿床",
            "id": "Ch_PT_306",
            "sellable": true
          },
          {
            "productName": "非全尺寸婴儿床",
            "id": "Ch_PT_307",
            "sellable": true
          },
          {
            "productName": "婴幼儿软背带",
            "id": "Ch_PT_322",
            "sellable": true
          },
          {
            "productName": "婴儿垫",
            "id": "Ch_PT_1011",
            "sellable": false
          },
          {
            "productName": "吊床",
            "id": "Ch_PT_1471",
            "sellable": false
          },
          {
            "productName": "紧凑型倾斜睡眠用品",
            "id": "Ch_PT_1472",
            "sellable": false
          },
          {
            "productName": "倾斜睡眠用品配件",
            "id": "Ch_PT_1473",
            "sellable": false
          },
          {
            "productName": "带垫枕的垫子",
            "id": "Ch_PT_3034",
            "sellable": false
          },
          {
            "productName": "带垫枕的楔形垫",
            "id": "Ch_PT_3035",
            "sellable": false
          },
          {
            "productName": "婴儿头枕和枕头",
            "id": "Ch_PT_3036",
            "sellable": false
          }
        ],
        "productName": "婴儿床上用品"
      },
      {
        "childProductList": [
          {
            "productName": "织物儿童安全保护带系统",
            "id": "Ch_PT_261",
            "sellable": false
          }
        ],
        "productName": "汽车座椅"
      },
      {
        "childProductList": [
          {
            "productName": "安全门和围栏",
            "id": "Ch_PT_317",
            "sellable": true
          }
        ],
        "productName": "护理与安全"
      },
      {
        "childProductList": [
          {
            "productName": "婴儿喂养用品",
            "id": "Ch_PT_326",
            "sellable": true
          },
          {
            "productName": "儿童增高椅",
            "id": "Ch_PT_310",
            "sellable": true
          },
          {
            "productName": "儿童餐椅",
            "id": "Ch_PT_309",
            "sellable": true
          },
          {
            "productName": "婴幼儿围嘴",
            "id": "Ch_PT_413",
            "sellable": true
          },
          {
            "productName": "安抚奶嘴夹",
            "id": "Ch_PT_420",
            "sellable": true
          },
          {
            "productName": "安抚奶嘴",
            "id": "Ch_PT_419",
            "sellable": true
          },
          {
            "productName": "婴儿配方食品",
            "id": "Ch_PT_759",
            "sellable": true
          },
          {
            "productName": "婴儿食品",
            "id": "Ch_PT_760",
            "sellable": true
          },
          {
            "productName": "蘑菇状婴儿磨牙器/安抚奶嘴",
            "id": "Ch_PT_1479",
            "sellable": false
          }
        ],
        "productName": "喂养用品"
      },
      {
        "childProductList": [
          {
            "productName": "床旁婴儿床",
            "id": "Ch_PT_305",
            "sellable": true
          },
          {
            "productName": "婴儿摇椅",
            "id": "Ch_PT_314",
            "sellable": true
          },
          {
            "productName": "婴儿摇篮",
            "id": "Ch_PT_1008",
            "sellable": true
          },
          {
            "productName": "摇篮",
            "id": "Ch_PT_1009",
            "sellable": true
          }
        ],
        "productName": "家具"
      },
      {
        "childProductList": [
          {
            "productName": "婴儿磨牙器",
            "id": "Ch_PT_323",
            "sellable": true
          },
          {
            "productName": "婴儿学步车",
            "id": "Ch_PT_410",
            "sellable": true
          },
          {
            "productName": "浴室座椅",
            "id": "Ch_PT_324",
            "sellable": true
          },
          {
            "productName": "婴儿浴盆",
            "id": "Ch_PT_325",
            "sellable": true
          },
          {
            "productName": "便携式挂椅",
            "id": "Ch_PT_313",
            "sellable": true
          },
          {
            "productName": "婴儿摇篮秋千",
            "id": "Ch_PT_444",
            "sellable": true
          }
        ],
        "productName": "杂项"
      },
      {
        "childProductList": [
          {
            "productName": "卧式婴儿车",
            "id": "Ch_PT_908",
            "sellable": true
          },
          {
            "productName": "坐式婴儿车",
            "id": "Ch_PT_909",
            "sellable": true
          }
        ],
        "productName": "坐式婴儿车"
      },
      {
        "childProductList": [
          {
            "productName": "尿布台",
            "id": "Ch_PT_1000",
            "sellable": true
          },
          {
            "productName": "尿布台配件",
            "id": "Ch_PT_1001",
            "sellable": true
          },
          {
            "productName": "尿布台附加装置",
            "id": "Ch_PT_1002",
            "sellable": true
          },
          {
            "productName": "波形尿布垫",
            "id": "Ch_PT_1003",
            "sellable": true
          }
        ],
        "productName": "尿布"
      }
    ],
    "shipTo": "US"
  },
  {
    "productName": "电子产品",
    "childProductList": [
      {
        "childProductList": [
          {
            "productName": "手机替换电池",
            "id": "Ch_PT_271",
            "sellable": true
          },
          {
            "productName": "移动电源",
            "id": "Ch_PT_289",
            "sellable": true
          },
          {
            "productName": "圆柱形锂离子电池 ",
            "id": "Ch_PT_669",
            "sellable": false
          },
          {
            "productName": "纽扣电池和硬币电池",
            "id": "Ch_PT_1797",
            "sellable": true
          }
        ],
        "productName": "其他配件"
      }
    ],
    "shipTo": "US"
  },
  {
    "productName": "户外用品",
    "childProductList": [
      {
        "childProductList": [
          {
            "productName": "自行车",
            "id": "Ch_PT_411",
            "sellable": true
          },
          {
            "productName": "儿童自行车",
            "id": "Ch_PT_412",
            "sellable": true
          },
          {
            "productName": "电动自行车",
            "id": "Ch_PT_409",
            "sellable": true
          },
          {
            "productName": "电动三轮车",
            "id": "Ch_PT_403",
            "sellable": true
          },
          {
            "productName": "自平衡单轮车",
            "id": "Ch_PT_405",
            "sellable": true
          },
          {
            "productName": "摩托车头盔",
            "id": "Ch_PT_1475",
            "sellable": true
          },
          {
            "productName": "儿童摩托车头盔",
            "id": "Ch_PT_1476",
            "sellable": true
          },
          {
            "productName": "儿童双板滑雪和单板滑雪头盔",
            "id": "Ch_PT_1924",
            "sellable": true
          }
        ],
        "productName": "自行车"
      },
      {
        "childProductList": [
          {
            "productName": "浮垫",
            "id": "Ch_PT_348",
            "sellable": true
          },
          {
            "productName": "攀岩安全带",
            "id": "Ch_PT_424",
            "sellable": true
          },
          {
            "productName": "攀岩绳",
            "id": "Ch_PT_422",
            "sellable": true
          },
          {
            "productName": "漂浮辅助或浮力辅助工具",
            "id": "Ch_PT_350",
            "sellable": true
          },
          {
            "productName": "近海救生衣",
            "id": "Ch_PT_343",
            "sellable": true
          },
          {
            "productName": "硬壳头盔",
            "id": "Ch_PT_1004",
            "sellable": true
          },
          {
            "productName": "泡沫壳头盔",
            "id": "Ch_PT_1005",
            "sellable": true
          }
        ],
        "productName": "户外急救和安全"
      },
      {
        "childProductList": [
          {
            "productName": "电动踏板车",
            "id": "Ch_PT_406",
            "sellable": true
          },
          {
            "productName": "电动滑板",
            "id": "Ch_PT_404",
            "sellable": true
          },
          {
            "productName": "滑板车产品",
            "id": "Ch_PT_402",
            "sellable": true
          },
          {
            "productName": "自平衡个人交通工具",
            "id": "Ch_PT_407",
            "sellable": true
          },
          {
            "productName": "双板滑雪头盔和单板滑雪头盔",
            "id": "Ch_PT_316",
            "sellable": true
          }
        ],
        "productName": "冲浪/滑雪/滑板"
      }
    ],
    "shipTo": "US"
  },
  {
    "productName": "玩具",
    "childProductList": [
      {
        "childProductList": [
          {
            "productName": "隐形墨水笔",
            "id": "Ch_PT_295",
            "sellable": true
          }
        ],
        "productName": "派对用品"
      },
      {
        "childProductList": [
          {
            "productName": "指尖陀螺",
            "id": "Ch_PT_265",
            "sellable": true
          },
          {
            "productName": "飞镖指尖陀螺",
            "id": "Ch_PT_266",
            "sellable": false
          }
        ],
        "productName": "户外和运动玩具"
      },
      {
        "childProductList": [
          {
            "productName": "儿童玩具",
            "id": "Ch_PT_301",
            "sellable": true
          }
        ],
        "productName": "其他玩具"
      },
      {
        "childProductList": [
          {
            "productName": "水珠",
            "id": "Ch_PT_3037",
            "sellable": false
          }
        ],
        "productName": "玩具"
      }
    ],
    "shipTo": "US"
  },
  {
    "productName": "食品",
    "childProductList": [
      {
        "childProductList": [
          {
            "productName": "致幻蜂蜜",
            "id": "Ch_PT_3872",
            "sellable": false
          }
        ],
        "productName": "烘焙"
      }
    ],
    "shipTo": "US"
  },
  {
    "productName": "家居装修",
    "childProductList": [
      {
        "childProductList": [
          {
            "productName": "灯串",
            "id": "Ch_PT_279",
            "sellable": true
          }
        ],
        "productName": "照明装置和风扇"
      },
      {
        "childProductList": [
          {
            "productName": "除漆剂类商品",
            "id": "Ch_PT_291",
            "sellable": false
          }
        ],
        "productName": "绘画用品"
      }
    ],
    "shipTo": "US"
  },
  {
    "productName": "个人电脑",
    "childProductList": [
      {
        "childProductList": [
          {
            "productName": "笔记本电脑电池",
            "id": "Ch_PT_275",
            "sellable": true
          },
          {
            "productName": "笔记本电脑充电器和电源适配器",
            "id": "Ch_PT_274",
            "sellable": true
          }
        ],
        "productName": "笔记本电脑配件"
      }
    ],
    "shipTo": "US"
  },
  {
    "productName": "汽车用品",
    "childProductList": [
      {
        "childProductList": [
          {
            "productName": "电动移动设备配件",
            "id": "Ch_PT_401",
            "sellable": false
          }
        ],
        "productName": "汽车用品配件"
      },
      {
        "childProductList": [
          {
            "productName": "便携式汽车应急启动电源",
            "id": "Ch_PT_252",
            "sellable": true
          }
        ],
        "productName": "汽车设备和工具"
      }
    ],
    "shipTo": "US"
  },
  {
    "productName": "家居",
    "childProductList": [
      {
        "childProductList": [
          {
            "productName": "小型取暖器",
            "id": "Ch_PT_361",
            "sellable": true
          }
        ],
        "productName": "家居环境"
      },
      {
        "childProductList": [
          {
            "productName": "带绳窗帘",
            "id": "Ch_PT_1788",
            "sellable": true
          }
        ],
        "productName": "地板护理"
      }
    ],
    "shipTo": "US"
  },
  {
    "productName": "无线产品",
    "childProductList": [
      {
        "childProductList": [
          {
            "productName": "手机车载充电器",
            "id": "Ch_PT_272",
            "sellable": true
          },
          {
            "productName": "插墙式手机充电器",
            "id": "Ch_PT_273",
            "sellable": true
          }
        ],
        "productName": "无线配件"
      }
    ],
    "shipTo": "US"
  },
  {
    "productName": "美妆",
    "childProductList": [
      {
        "childProductList": [
          {
            "productName": "无浸水保护插头的手持式电吹风",
            "id": "Ch_PT_432",
            "sellable": false
          },
          {
            "productName": "带浸水保护的吹风机",
            "id": "Ch_PT_431",
            "sellable": true
          }
        ],
        "productName": "头发护理/美容电器"
      },
      {
        "childProductList": [
          {
            "productName": "美白和增白商品",
            "id": "Ch_PT_367",
            "sellable": true
          }
        ],
        "productName": "大众化妆品"
      }
    ],
    "shipTo": "US"
  },
  {
    "productName": "家具",
    "childProductList": [
      {
        "childProductList": [
          {
            "productName": "幼儿床",
            "id": "Ch_PT_308",
            "sellable": true
          },
          {
            "productName": "衣物收纳商品",
            "id": "Ch_PT_2320",
            "sellable": true
          }
        ],
        "productName": "卧室家具"
      },
      {
        "childProductList": [
          {
            "productName": "儿童折叠式和非折叠式椅子和凳子",
            "id": "Ch_PT_311",
            "sellable": true
          }
        ],
        "productName": "家庭办公家具"
      },
      {
        "childProductList": [
          {
            "productName": "活动床栏",
            "id": "Ch_PT_320",
            "sellable": true
          },
          {
            "productName": "成人活动床栏",
            "id": "Ch_PT_2918",
            "sellable": true
          }
        ],
        "productName": "其他"
      }
    ],
    "shipTo": "US"
  },
  {
    "productName": "草坪和园艺",
    "childProductList": [
      {
        "childProductList": [
          {
            "productName": "便携式电源逆变器",
            "id": "Ch_PT_345",
            "sellable": true
          },
          {
            "productName": "便携式发电机和便携式逆变发电机",
            "id": "Ch_PT_344",
            "sellable": true
          }
        ],
        "productName": "发电机"
      },
      {
        "childProductList": [
          {
            "productName": "泳池和水疗设施排水盖",
            "id": "Ch_PT_2919",
            "sellable": true
          }
        ],
        "productName": "泳池和水疗用品"
      }
    ],
    "shipTo": "US"
  },
  {
    "productName": "运动",
    "childProductList": [
      {
        "childProductList": [
          {
            "productName": "儿童马术头盔",
            "id": "Ch_PT_426",
            "sellable": true
          },
          {
            "productName": "通用型马术头盔",
            "id": "Ch_PT_425",
            "sellable": true
          }
        ],
        "productName": "运动服装"
      }
    ],
    "shipTo": "US"
  },
  {
    "productName": "工具",
    "childProductList": [
      {
        "childProductList": [
          {
            "productName": "过滤式呼吸防护面罩",
            "id": "Ch_PT_447",
            "sellable": true
          },
          {
            "productName": "医用外科 N95 口罩",
            "id": "Ch_PT_448",
            "sellable": true
          },
          {
            "productName": "KN95 口罩",
            "id": "Ch_PT_449",
            "sellable": true
          },
          {
            "productName": "水基试剂灭火器",
            "id": "Ch_PT_663",
            "sellable": true
          },
          {
            "productName": "二氧化碳灭火器",
            "id": "Ch_PT_664",
            "sellable": true
          },
          {
            "productName": "干粉灭火器",
            "id": "Ch_PT_665",
            "sellable": true
          },
          {
            "productName": "湿式化学灭火器",
            "id": "Ch_PT_666",
            "sellable": true
          },
          {
            "productName": "清水灭火器",
            "id": "Ch_PT_667",
            "sellable": true
          },
          {
            "productName": "卤烃清洁剂灭火器",
            "id": "Ch_PT_668",
            "sellable": true
          },
          {
            "productName": "KF94",
            "id": "Ch_PT_1477",
            "sellable": true
          },
          {
            "productName": "呼吸贴",
            "id": "Ch_PT_2253",
            "sellable": false
          }
        ],
        "productName": "安保与安全"
      },
      {
        "childProductList": [
          {
            "productName": "磁体商品",
            "id": "Ch_PT_1798",
            "sellable": true
          }
        ],
        "productName": "电动工具配件"
      }
    ],
    "shipTo": "US"
  },
  {
    "productName": "药物和保健品",
    "childProductList": [
      {
        "childProductList": [
          {
            "productName": "口服非处方镇痛药",
            "id": "Ch_PT_369",
            "sellable": true
          },
          {
            "productName": "月经杯",
            "id": "Ch_PT_372",
            "sellable": true
          },
          {
            "productName": "卫生巾",
            "id": "Ch_PT_371",
            "sellable": true
          },
          {
            "productName": "月经卫生棉条",
            "id": "Ch_PT_370",
            "sellable": true
          },
          {
            "productName": "膳食补充剂",
            "id": "Ch_PT_3855",
            "sellable": true
          }
        ],
        "productName": "健康护理"
      },
      {
        "childProductList": [
          {
            "productName": "电子数字体温计",
            "id": "Ch_PT_373",
            "sellable": true
          }
        ],
        "productName": "医疗用品和设备"
      },
      {
        "childProductList": [
          {
            "productName": "人体润滑剂",
            "id": "Ch_PT_331",
            "sellable": true
          },
          {
            "productName": "紧急避孕药",
            "id": "Ch_PT_365",
            "sellable": true
          },
          {
            "productName": "男士避孕套",
            "id": "Ch_PT_1006",
            "sellable": true
          },
          {
            "productName": "女用避孕套",
            "id": "Ch_PT_1007",
            "sellable": true
          }
        ],
        "productName": "成人用品"
      }
    ],
    "shipTo": "US"
  },
  {
    "productName": "体育用品",
    "childProductList": [
      {
        "childProductList": [
          {
            "productName": "登山用锁扣",
            "id": "Ch_PT_341",
            "sellable": true
          }
        ],
        "productName": "锻炼和健身"
      },
      {
        "childProductList": [
          {
            "productName": "蹦床",
            "id": "Ch_PT_303",
            "sellable": true
          }
        ],
        "productName": "游戏室和休闲用品"
      }
    ],
    "shipTo": "US"
  },
  {
    "productName": "安保和安全设备",
    "childProductList": [
      {
        "childProductList": [
          {
            "productName": "一氧化碳报警器",
            "id": "Ch_PT_246",
            "sellable": true
          },
          {
            "productName": "防坠安全带",
            "id": "Ch_PT_328",
            "sellable": true
          },
          {
            "productName": "防火和防烟面罩",
            "id": "Ch_PT_342",
            "sellable": true
          },
          {
            "productName": "近岸浮力背心",
            "id": "Ch_PT_347",
            "sellable": true
          },
          {
            "productName": "家用天然气探测器",
            "id": "Ch_PT_247",
            "sellable": true
          },
          {
            "productName": "烟雾报警器",
            "id": "Ch_PT_248",
            "sellable": true
          },
          {
            "productName": "烟雾探测器",
            "id": "Ch_PT_249",
            "sellable": true
          }
        ],
        "productName": "安保与安全"
      }
    ],
    "shipTo": "US"
  },
  {
    "productName": "其他商品",
    "childProductList": [
      {
        "childProductList": [
          {
            "productName": "一次性/变色体温计",
            "id": "Ch_PT_375",
            "sellable": true
          },
          {
            "productName": "医用手套 ",
            "id": "Ch_PT_368",
            "sellable": true
          },
          {
            "productName": "水银体温计",
            "id": "Ch_PT_374",
            "sellable": true
          }
        ],
        "productName": "专业医疗器械"
      }
    ],
    "shipTo": "US"
  }
]