[
  {
    "productName": "工具",
    "childProductList": [
      {
        "childProductList": [
          {
            "productName": "水基试剂灭火器",
            "id": "Ch_PT_1730",
            "sellable": true
          },
          {
            "childProductName": "二氧化碳灭火器 ",
            "id": "Ch_PT_1731",
            "sellable": true
          },
          {
            "childProductName": "干粉灭火器 ",
            "id": "Ch_PT_1732",
            "sellable": true
          },
          {
            "childProductName": "水灭火器",
            "id": "Ch_PT_1733",
            "sellable": true
          },
          {
            "childProductName": "卤烃清洁剂灭火器",
            "id": "Ch_PT_1734",
            "sellable": true
          },
          {
            "childProductName": "烟雾报警器",
            "id": "Ch_PT_1735",
            "sellable": true
          },
          {
            "childProductName": "烟雾探测器",
            "id": "Ch_PT_1736",
            "sellable": true
          },
          {
            "childProductName": "一氧化碳报警器",
            "id": "Ch_PT_1737",
            "sellable": true
          },
          {
            "childProductName": "防烟面罩",
            "id": "Ch_PT_1738",
            "sellable": true
          }
        ],
        "productName": "安保与安全"
      }
    ],
    "shipTo": "MX"
  },
  {
    "category": "草坪和园艺",
    "productList": [
      {
        "childProductList": [
          {
            "childProductName": "吊床",
            "id": "Ch_PT_1748",
            "sellable": false
          }
        ],
        "productName": "户外家具"
      },
      {
        "childProductList": [
          {
            "childProductName": "肥料和植物营养品",
            "id": "Ch_PT_2961",
            "sellable": false
          },
          {
            "childProductName": "甲硫威",
            "id": "Ch_PT_2964",
            "sellable": false
          },
          {
            "childProductName": "活体植物",
            "id": "Ch_PT_2985",
            "sellable": false
          },
          {
            "childProductName": "驱虫剂",
            "id": "Ch_PT_2995",
            "sellable": false
          }
        ],
        "productName": "农业"
      }
    ],
    "shipTo": "MX"
  },
  {
    "category": "珠宝首饰",
    "productList": [
      {
        "childProductList": [
          {
            "childProductName": "儿童珠宝首饰",
            "id": "Ch_PT_1721",
            "sellable": true
          }
        ],
        "productName": "服饰"
      }
    ],
    "shipTo": "MX"
  },
  {
    "category": "玩具",
    "productList": [
      {
        "childProductList": [
          {
            "childProductName": "指尖陀螺",
            "id": "Ch_PT_1728",
            "sellable": true
          },
          {
            "childProductName": "飞镖指尖陀螺",
            "id": "Ch_PT_1729",
            "sellable": false
          }
        ],
        "productName": "户外和运动玩具"
      },
      {
        "childProductList": [
          {
            "childProductName": "隐形墨水笔",
            "id": "Ch_PT_1755",
            "sellable": true
          }
        ],
        "productName": "新奇物品/派对用品/服装/装饰品"
      },
      {
        "childProductList": [
          {
            "childProductName": "磁性粘土",
            "id": "Ch_PT_1756",
            "sellable": true
          },
          {
            "childProductName": "磁性积木片",
            "id": "Ch_PT_1757",
            "sellable": true
          }
        ],
        "productName": "拼图"
      },
      {
        "childProductList": [
          {
            "childProductName": "儿童挤压玩具",
            "id": "Ch_PT_1768",
            "sellable": true
          }
        ],
        "productName": "玩偶玩具"
      },
      {
        "childProductList": [
          {
            "childProductName": "玩具",
            "id": "Ch_PT_1769",
            "sellable": true
          },
          {
            "childProductName": "水珠",
            "id": "Ch_PT_3875",
            "sellable": false
          }
        ],
        "productName": "玩具"
      },
      {
        "childProductList": [
          {
            "childProductName": "标量量子能量",
            "id": "Ch_PT_1773",
            "sellable": false
          }
        ],
        "productName": "学习和技术"
      }
    ],
    "shipTo": "MX"
  },
  {
    "category": "体育用品",
    "productList": [
      {
        "childProductList": [
          {
            "childProductName": "弹药外壳",
            "id": "Ch_PT_2960",
            "sellable": false
          },
          {
            "childProductName": "气枪",
            "id": "Ch_PT_2963",
            "sellable": false
          },
          {
            "childProductName": "弹药",
            "id": "Ch_PT_2978",
            "sellable": false
          },
          {
            "childProductName": "警棍",
            "id": "Ch_PT_2980",
            "sellable": false
          },
          {
            "childProductName": "军事专用武器",
            "id": "Ch_PT_2981",
            "sellable": false
          },
          {
            "childProductName": "枪械",
            "id": "Ch_PT_2982",
            "sellable": false
          },
          {
            "childProductName": "钢笔枪",
            "id": "Ch_PT_2983",
            "sellable": false
          },
          {
            "childProductName": "胡椒喷雾剂",
            "id": "Ch_PT_2984",
            "sellable": false
          },
          {
            "childProductName": "眩晕枪",
            "id": "Ch_PT_2990",
            "sellable": false
          }
        ],
        "productName": "狩猎、软气枪和彩弹"
      }
    ],
    "shipTo": "MX"
  },
  {
    "category": "汽车用品",
    "productList": [
      {
        "childProductList": [
          {
            "childProductName": "汽车座椅加热垫 (CSHP) ",
            "id": "Ch_PT_1713",
            "sellable": false
          }
        ],
        "productName": "汽车用品配件"
      },
      {
        "childProductList": [
          {
            "childProductName": "汽车应急启动电源",
            "id": "Ch_PT_1766",
            "sellable": true
          }
        ],
        "productName": "汽车设备和工具"
      },
      {
        "childProductList": [
          {
            "childProductName": "安全气囊组件",
            "id": "Ch_PT_1776",
            "sellable": false
          },
          {
            "childProductName": "平衡重环",
            "id": "Ch_PT_2965",
            "sellable": false
          },
          {
            "childProductName": "汽车柴油",
            "id": "Ch_PT_2966",
            "sellable": false
          },
          {
            "childProductName": "非法牌照套",
            "id": "Ch_PT_2994",
            "sellable": false
          }
        ],
        "productName": "车身、装饰和防撞零件"
      },
      {
        "childProductList": [
          {
            "childProductName": "燃料",
            "id": "Ch_PT_2967",
            "sellable": false
          }
        ],
        "productName": "替换零件 - 发动机舱"
      }
    ],
    "shipTo": "MX"
  },
  {
    "category": "办公用品 ",
    "productList": [
      {
        "childProductList": [
          {
            "childProductName": "书皮",
            "id": "Ch_PT_1723",
            "sellable": true
          }
        ],
        "productName": "纸"
      },
      {
        "childProductList": [
          {
            "childProductName": "铅笔盒/袋",
            "id": "Ch_PT_1725",
            "sellable": true
          }
        ],
        "productName": "书写用品和配件"
      },
      {
        "childProductList": [
          {
            "childProductName": "学龄前儿童钝头剪刀",
            "id": "Ch_PT_1726",
            "sellable": true
          }
        ],
        "productName": "办公必需品"
      },
      {
        "childProductList": [
          {
            "childProductName": "其他学龄前用学习用品",
            "id": "Ch_PT_1727",
            "sellable": true
          }
        ],
        "productName": "桌面整理和记录"
      }
    ],
    "shipTo": "MX"
  },
  {
    "category": "无线产品",
    "productList": [
      {
        "childProductList": [
          {
            "childProductName": "插墙式手机充电器",
            "id": "Ch_PT_1761",
            "sellable": true
          },
          {
            "childProductName": "手机车载充电器",
            "id": "Ch_PT_1762",
            "sellable": true
          }
        ],
        "productName": "无线配件"
      },
      {
        "childProductList": [
          {
            "childProductName": "干扰设备",
            "id": "Ch_PT_2973",
            "sellable": false
          }
        ],
        "productName": "无线产品配件"
      }
    ],
    "shipTo": "MX"
  },
  {
    "category": "家居装修",
    "productList": [
      {
        "childProductList": [
          {
            "childProductName": "除漆剂",
            "id": "Ch_PT_1764",
            "sellable": true
          }
        ],
        "productName": "绘画用品"
      }
    ],
    "shipTo": "MX"
  },
  {
    "category": "家居",
    "productList": [
      {
        "childProductList": [
          {
            "childProductName": "季节性装饰照明用品",
            "id": "Ch_PT_1770",
            "sellable": true
          }
        ],
        "productName": "户外生活"
      }
    ],
    "shipTo": "MX"
  },
  {
    "category": "厨房",
    "productList": [
      {
        "childProductList": [
          {
            "childProductName": "午餐包/盒",
            "id": "Ch_PT_1724",
            "sellable": true
          }
        ],
        "productName": "餐饮器具"
      }
    ],
    "shipTo": "MX"
  },
  {
    "category": "美妆",
    "productList": [
      {
        "childProductList": [
          {
            "childProductName": "婴幼儿口罩",
            "id": "Ch_PT_1753",
            "sellable": false
          },
          {
            "childProductName": "儿童口罩",
            "id": "Ch_PT_1754",
            "sellable": true
          }
        ],
        "productName": "大众化妆品"
      }
    ],
    "shipTo": "MX"
  },
  {
    "category": "药物和保健品",
    "productList": [
      {
        "childProductList": [
          {
            "childProductName": "电灼切割和凝血设备",
            "id": "Ch_PT_2943",
            "sellable": false
          },
          {
            "childProductName": "可注射美塑疗法用品",
            "id": "Ch_PT_2944",
            "sellable": false
          },
          {
            "childProductName": "冲击波设备",
            "id": "Ch_PT_2946",
            "sellable": false
          },
          {
            "childProductName": "呼吸机",
            "id": "Ch_PT_2947",
            "sellable": false
          },
          {
            "childProductName": "X 光机",
            "id": "Ch_PT_2948",
            "sellable": false
          },
          {
            "childProductName": "非燃烧香烟",
            "id": "Ch_PT_2949",
            "sellable": false
          },
          {
            "childProductName": "处方药",
            "id": "Ch_PT_2950",
            "sellable": false
          },
          {
            "childProductName": "种子和植物",
            "id": "Ch_PT_2952",
            "sellable": false
          },
          {
            "childProductName": "兽用药品",
            "id": "Ch_PT_2954",
            "sellable": false
          },
          {
            "childProductName": "疫苗",
            "id": "Ch_PT_2955",
            "sellable": false
          },
          {
            "childProductName": "香烟",
            "id": "Ch_PT_2957",
            "sellable": false
          },
          {
            "childProductName": "心室辅助装置",
            "id": "Ch_PT_2996",
            "sellable": false
          },
          {
            "childProductName": "心血管内过滤器",
            "id": "Ch_PT_2997",
            "sellable": false
          },
          {
            "childProductName": "骨水泥",
            "id": "Ch_PT_2998",
            "sellable": false
          },
          {
            "childProductName": "开颅器械",
            "id": "Ch_PT_2999",
            "sellable": false
          },
          {
            "childProductName": "假牙和牙种植体",
            "id": "Ch_PT_3000",
            "sellable": false
          },
          {
            "childProductName": "透明质酸/胶原蛋白填充剂",
            "id": "Ch_PT_3001",
            "sellable": false
          },
          {
            "childProductName": "透析设备",
            "id": "Ch_PT_3002",
            "sellable": false
          },
          {
            "childProductName": "硬脑膜",
            "id": "Ch_PT_3003",
            "sellable": false
          },
          {
            "childProductName": "功能辅助植体",
            "id": "Ch_PT_3004",
            "sellable": false
          },
          {
            "childProductName": "胃球",
            "id": "Ch_PT_3005",
            "sellable": false
          },
          {
            "childProductName": "胃肠道管和配件",
            "id": "Ch_PT_3006",
            "sellable": false
          },
          {
            "childProductName": "人工心脏瓣膜假体",
            "id": "Ch_PT_3007",
            "sellable": false
          },
          {
            "childProductName": "植入式可塑夹",
            "id": "Ch_PT_3008",
            "sellable": false
          },
          {
            "childProductName": "植入装置",
            "id": "Ch_PT_3009",
            "sellable": false
          },
          {
            "childProductName": "眼内透镜",
            "id": "Ch_PT_3010",
            "sellable": false
          },
          {
            "childProductName": "腹腔静脉分流器",
            "id": "Ch_PT_3011",
            "sellable": false
          },
          {
            "childProductName": "聚四氟乙烯注射剂",
            "id": "Ch_PT_3012",
            "sellable": false
          },
          {
            "childProductName": "脊液阀",
            "id": "Ch_PT_3013",
            "sellable": false
          },
          {
            "childProductName": "外科用网片",
            "id": "Ch_PT_3014",
            "sellable": false
          },
          {
            "childProductName": "缝合医疗器械",
            "id": "Ch_PT_3015",
            "sellable": false
          },
          {
            "childProductName": "金属植体",
            "id": "Ch_PT_3016",
            "sellable": false
          },
          {
            "childProductName": "钛连接器",
            "id": "Ch_PT_3017",
            "sellable": false
          },
          {
            "childProductName": "医疗器械管",
            "id": "Ch_PT_3018",
            "sellable": false
          },
          {
            "childProductName": "微电流刺激仪",
            "id": "Ch_PT_3019",
            "sellable": false
          },
          {
            "childProductName": "管制药品",
            "id": "Ch_PT_3020",
            "sellable": false
          },
          {
            "childProductName": "面罩",
            "id": "Ch_PT_3022",
            "sellable": false
          },
          {
            "childProductName": "助听设备",
            "id": "Ch_PT_3039",
            "sellable": true
          },
          {
            "childProductName": "内窥镜",
            "id": "Ch_PT_3040",
            "sellable": true
          },
          {
            "childProductName": "注射器和针头",
            "id": "Ch_PT_3041",
            "sellable": true
          },
          {
            "childProductName": "卫生棉条",
            "id": "Ch_PT_3042",
            "sellable": true
          },
          {
            "childProductName": "性用润滑剂",
            "id": "Ch_PT_3043",
            "sellable": true
          },
          {
            "childProductName": "痤疮治疗物",
            "id": "Ch_PT_3044",
            "sellable": true
          },
          {
            "childProductName": "通便剂",
            "id": "Ch_PT_3045",
            "sellable": true
          },
          {
            "childProductName": "安眠药",
            "id": "Ch_PT_3046",
            "sellable": true
          },
          {
            "childProductName": "鼻腔喷雾",
            "id": "Ch_PT_3047",
            "sellable": true
          },
          {
            "childProductName": "草药制品",
            "id": "Ch_PT_3048",
            "sellable": true
          },
          {
            "childProductName": "制氧机",
            "id": "Ch_PT_3049",
            "sellable": true
          },
          {
            "childProductName": "除疣剂",
            "id": "Ch_PT_3050",
            "sellable": true
          },
          {
            "childProductName": "套管医疗器械",
            "id": "Ch_PT_3051",
            "sellable": true
          },
          {
            "childProductName": "医用导管",
            "id": "Ch_PT_3052",
            "sellable": true
          },
          {
            "childProductName": "避孕套",
            "id": "Ch_PT_3053",
            "sellable": true
          },
          {
            "childProductName": "隐形眼镜",
            "id": "Ch_PT_3054",
            "sellable": true
          },
          {
            "childProductName": "除颤器",
            "id": "Ch_PT_3055",
            "sellable": true
          },
          {
            "childProductName": "麻醉剂蒸发器",
            "id": "Ch_PT_3069",
            "sellable": false
          },
          {
            "childProductName": "微波灭虫器",
            "id": "Ch_PT_3070",
            "sellable": false
          },
          {
            "childProductName": "心内贴片",
            "id": "Ch_PT_3071",
            "sellable": false
          },
          {
            "childProductName": "激光医疗器械",
            "id": "Ch_PT_3072",
            "sellable": false
          },
          {
            "childProductName": "MRI 机",
            "id": "Ch_PT_3073",
            "sellable": false
          },
          {
            "childProductName": "阴道子宫托",
            "id": "Ch_PT_3074",
            "sellable": false
          }
        ],
        "productName": "医疗用品和设备"
      },
      {
        "childProductList": [
          {
            "childProductName": "电子香烟",
            "id": "Ch_PT_2962",
            "sellable": false
          },
          {
            "childProductName": "丁烷蜂蜜油萃取器",
            "id": "Ch_PT_2968",
            "sellable": false
          },
          {
            "childProductName": "春药",
            "id": "Ch_PT_2989",
            "sellable": false
          }
        ],
        "productName": "健康和保健"
      }
    ],
    "shipTo": "MX"
  },
  {
    "category": "户外用品",
    "productList": [
      {
        "childProductList": [
          {
            "childProductName": "休闲活动用头盔",
            "id": "Ch_PT_1710",
            "sellable": true
          },
          {
            "childProductName": "摩托车头盔",
            "id": "Ch_PT_1711",
            "sellable": true
          },
          {
            "childProductName": "安全头盔",
            "id": "Ch_PT_1712",
            "sellable": true
          },
          {
            "childProductName": "自平衡踏板车/电动单轮车",
            "id": "Ch_PT_1741",
            "sellable": true
          },
          {
            "childProductName": "电动自行车",
            "id": "Ch_PT_1745",
            "sellable": true
          },
          {
            "childProductName": "电动三轮车",
            "id": "Ch_PT_1746",
            "sellable": true
          }
        ],
        "productName": "自行车"
      },
      {
        "childProductList": [
          {
            "childProductName": "滑板车产品/电动踏板车",
            "id": "Ch_PT_1740",
            "sellable": true
          },
          {
            "childProductName": "电动滑板",
            "id": "Ch_PT_1742",
            "sellable": true
          },
          {
            "childProductName": "电动踏板车 ",
            "id": "Ch_PT_1743",
            "sellable": true
          },
          {
            "childProductName": "自平衡个人交通工具",
            "id": "Ch_PT_1744",
            "sellable": true
          }
        ],
        "productName": "冲浪/滑雪/滑板"
      }
    ],
    "shipTo": "MX"
  },
  {
    "category": "母婴",
    "productList": [
      {
        "childProductList": [
          {
            "childProductName": "婴儿提篮",
            "id": "Ch_PT_1715",
            "sellable": true
          },
          {
            "childProductName": "框式倾斜睡眠用品",
            "id": "Ch_PT_1747",
            "sellable": false
          },
          {
            "childProductName": "紧凑型倾斜睡眠用品",
            "id": "Ch_PT_1749",
            "sellable": false
          },
          {
            "childProductName": "倾斜睡眠用品配件",
            "id": "Ch_PT_1750",
            "sellable": false
          },
          {
            "childProductName": "婴儿倾斜睡眠配件 ",
            "id": "Ch_PT_1751",
            "sellable": false
          },
          {
            "childProductName": "婴儿睡姿固定垫",
            "id": "Ch_PT_1752",
            "sellable": false
          }
        ],
        "productName": "婴儿床上用品"
      },
      {
        "childProductList": [
          {
            "childProductName": "增高座椅",
            "id": "Ch_PT_1716",
            "sellable": true
          },
          {
            "childProductName": "串珠和琥珀磨牙首饰",
            "id": "Ch_PT_1989",
            "sellable": false
          },
          {
            "childProductName": "串珠夹和串珠链",
            "id": "Ch_PT_1990",
            "sellable": false
          },
          {
            "childProductName": "蘑菇形婴儿磨牙器和安抚奶嘴",
            "id": "Ch_PT_1991",
            "sellable": false
          }
        ],
        "productName": "喂养用品"
      },
      {
        "childProductList": [
          {
            "childProductName": "前向式儿童乘员用约束装置",
            "id": "Ch_PT_1717",
            "sellable": true
          },
          {
            "childProductName": "后向式儿童乘员用约束装置",
            "id": "Ch_PT_1718",
            "sellable": true
          },
          {
            "childProductName": "旅行装置",
            "id": "Ch_PT_1719",
            "sellable": true
          }
        ],
        "productName": "汽车安全座椅"
      },
      {
        "childProductList": [
          {
            "childProductName": "婴儿学步车",
            "id": "Ch_PT_1720",
            "sellable": true
          }
        ],
        "productName": "杂项"
      },
      {
        "childProductList": [
          {
            "childProductName": "软垫式婴儿床床围",
            "id": "Ch_PT_1763",
            "sellable": false
          }
        ],
        "productName": "护理与安全"
      },
      {
        "childProductList": [
          {
            "childProductName": "卧式婴儿车和坐式婴儿车",
            "id": "Ch_PT_1774",
            "sellable": true
          }
        ],
        "productName": "婴儿推车"
      }
    ],
    "shipTo": "MX"
  },
  {
    "category": "箱包",
    "productList": [
      {
        "childProductList": [
          {
            "childProductName": "背包",
            "id": "Ch_PT_1722",
            "sellable": true
          }
        ],
        "productName": "儿童"
      }
    ],
    "shipTo": "MX"
  },
  {
    "category": "家具",
    "productList": [
      {
        "childProductList": [
          {
            "childProductName": "儿童餐椅",
            "id": "Ch_PT_1739",
            "sellable": true
          }
        ],
        "productName": "家庭办公家具"
      },
      {
        "childProductList": [
          {
            "childProductName": "便携式挂椅",
            "id": "Ch_PT_1775",
            "sellable": true
          }
        ],
        "productName": "其他"
      }
    ],
    "shipTo": "MX"
  },
  {
    "category": "个人电脑",
    "productList": [
      {
        "childProductList": [
          {
            "childProductName": "笔记本电脑替换电池",
            "id": "Ch_PT_1758",
            "sellable": true
          },
          {
            "childProductName": "笔记本电脑充电器/电源适配器",
            "id": "Ch_PT_1759",
            "sellable": true
          }
        ],
        "productName": "笔记本电脑配件"
      }
    ],
    "shipTo": "MX"
  },
  {
    "category": "电子产品",
    "productList": [
      {
        "childProductList": [
          {
            "childProductName": "手机替换电池",
            "id": "Ch_PT_1760",
            "sellable": true
          },
          {
            "childProductName": "移动电源",
            "id": "Ch_PT_1765",
            "sellable": true
          },
          {
            "childProductName": "圆柱形锂电池",
            "id": "Ch_PT_1772",
            "sellable": false
          }
        ],
        "productName": "其他配件"
      }
    ],
    "shipTo": "MX"
  },
  {
    "category": "母婴商品",
    "productList": [
      {
        "childProductList": [
          {
            "childProductName": "磨牙器",
            "id": "Ch_PT_3816",
            "sellable": true
          }
        ],
        "productName": "杂项"
      }
    ],
    "shipTo": "MX"
  },
  {
    "category": "其他商品",
    "productList": [
      {
        "childProductList": [
          {
            "childProductName": "叠氮化钠",
            "id": "Ch_PT_1767",
            "sellable": false
          },
          {
            "childProductName": "三氯乙酸 (TCA)",
            "id": "Ch_PT_1771",
            "sellable": false
          },
          {
            "childProductName": "放射性同位素",
            "id": "Ch_PT_2951",
            "sellable": false
          },
          {
            "childProductName": "丙酮",
            "id": "Ch_PT_2958",
            "sellable": false
          },
          {
            "childProductName": "过氧化氢",
            "id": "Ch_PT_2959",
            "sellable": false
          },
          {
            "childProductName": "Haba De Calabar 产品",
            "id": "Ch_PT_2969",
            "sellable": false
          },
          {
            "childProductName": "镁粉制品",
            "id": "Ch_PT_2970",
            "sellable": false
          },
          {
            "childProductName": "炸药",
            "id": "Ch_PT_2971",
            "sellable": false
          },
          {
            "childProductName": "尿液添加剂",
            "id": "Ch_PT_2974",
            "sellable": false
          },
          {
            "childProductName": "亚硝酸钠",
            "id": "Ch_PT_2987",
            "sellable": false
          },
          {
            "childProductName": "可燃气体",
            "id": "Ch_PT_2992",
            "sellable": false
          },
          {
            "childProductName": "可燃煤油",
            "id": "Ch_PT_2993",
            "sellable": false
          }
        ],
        "productName": "化学和生命科学"
      },
      {
        "childProductList": [
          {
            "childProductName": "鲨鱼制品",
            "id": "Ch_PT_2953",
            "sellable": false
          },
          {
            "childProductName": "标本和生物体",
            "id": "Ch_PT_2956",
            "sellable": false
          }
        ],
        "productName": "动物制品"
      },
      {
        "childProductList": [
          {
            "childProductName": "金融工具",
            "id": "Ch_PT_2972",
            "sellable": false
          },
          {
            "childProductName": "盗读卡设备",
            "id": "Ch_PT_2988",
            "sellable": false
          }
        ],
        "productName": "其他"
      }
    ],
    "shipTo": "MX"
  }
]