[
  {
    "productName": "电子产品",
    "childProductList": [
      {
        "childProductList": [
          {
            "productName": "圆柱形锂离子电池 ",
            "id": "Ch_PT_158_ES",
            "sellable": false
          }
        ],
        "productName": "其他配件"
      }
    ],
    "shipTo": "ES"
  },
  {
    "category": "家居装修",
    "productList": [
      {
        "childProductList": [
          {
            "childProductName": "坐浴盆",
            "id": "Ch_PT_379_ES",
            "sellable": true
          }
        ],
        "productName": "家电零件和配件"
      },
      {
        "childProductList": [
          {
            "childProductName": "砖块",
            "id": "Ch_PT_394_ES",
            "sellable": true
          },
          {
            "childProductName": "钢制铰链",
            "id": "Ch_PT_390_ES",
            "sellable": true
          },
          {
            "childProductName": "地板",
            "id": "Ch_PT_391_ES",
            "sellable": true
          },
          {
            "childProductName": "地板砖",
            "id": "Ch_PT_386_ES",
            "sellable": true
          },
          {
            "childProductName": "地板衬垫",
            "id": "Ch_PT_393_ES",
            "sellable": true
          }
        ],
        "productName": "建筑材料和梯子"
      },
      {
        "childProductList": [
          {
            "childProductName": "钢制紧固件",
            "id": "Ch_PT_388_ES",
            "sellable": true
          },
          {
            "childProductName": "钢制储物柜",
            "id": "Ch_PT_389_ES",
            "sellable": true
          }
        ],
        "productName": "硬件"
      },
      {
        "childProductList": [
          {
            "childProductName": "灯串",
            "id": "Ch_PT_106_ES",
            "sellable": true
          }
        ],
        "productName": "照明装置和风扇"
      },
      {
        "childProductList": [
          {
            "childProductName": "淋浴房",
            "id": "Ch_PT_383_ES",
            "sellable": true
          },
          {
            "childProductName": "淋浴盆",
            "id": "Ch_PT_384_ES",
            "sellable": true
          },
          {
            "childProductName": "水槽",
            "id": "Ch_PT_376_ES",
            "sellable": true
          },
          {
            "childProductName": "洗涤盆",
            "id": "Ch_PT_377_ES",
            "sellable": true
          },
          {
            "childProductName": "坐便器",
            "id": "Ch_PT_380_ES",
            "sellable": true
          },
          {
            "childProductName": "小便池",
            "id": "Ch_PT_381_ES",
            "sellable": true
          }
        ],
        "productName": "卫生器具"
      }
    ],
    "shipTo": "ES"
  },
  {
    "category": "户外用品",
    "productList": [
      {
        "childProductList": [
          {
            "childProductName": "电动自行车",
            "id": "Ch_PT_113_ES",
            "sellable": true
          },
          {
            "childProductName": "电动四轮车",
            "id": "Ch_PT_111_ES",
            "sellable": true
          },
          {
            "childProductName": "电动三轮车",
            "id": "Ch_PT_110_ES",
            "sellable": true
          },
          {
            "childProductName": "自平衡踏板车/电动单轮车",
            "id": "Ch_PT_1012_ES",
            "sellable": true
          }
        ],
        "productName": "自行车"
      },
      {
        "childProductList": [
          {
            "childProductName": "电动踏板车",
            "id": "Ch_PT_114_ES",
            "sellable": true
          },
          {
            "childProductName": "电动滑板",
            "id": "Ch_PT_112_ES",
            "sellable": true
          },
          {
            "childProductName": "滑板车产品",
            "id": "Ch_PT_109_ES",
            "sellable": true
          },
          {
            "childProductName": "自平衡个人交通工具",
            "id": "Ch_PT_116_ES",
            "sellable": true
          }
        ],
        "productName": "冲浪/滑雪/滑板"
      },
      {
        "childProductList": [
          {
            "childProductName": "浮具  50 级",
            "id": "Ch_PT_1021_ES",
            "sellable": true
          },
          {
            "childProductName": "救生衣  100 级",
            "id": "Ch_PT_1022_ES",
            "sellable": true
          },
          {
            "childProductName": "救生衣  150 级",
            "id": "Ch_PT_1023_ES",
            "sellable": true
          },
          {
            "childProductName": "救生衣  275 级",
            "id": "Ch_PT_1024_ES",
            "sellable": true
          }
        ],
        "productName": "户外急救和安全"
      }
    ],
    "shipTo": "ES"
  },
  {
    "category": "工具",
    "productList": [
      {
        "childProductList": [
          {
            "childProductName": "角磨床链锯套件/磨盘",
            "id": "Ch_PT_416_ES",
            "sellable": false
          }
        ],
        "productName": "电动工具配件"
      },
      {
        "childProductList": [
          {
            "childProductName": "医用口罩",
            "id": "Ch_PT_596_ES",
            "sellable": true
          },
          {
            "childProductName": "防护面罩",
            "id": "Ch_PT_597_ES",
            "sellable": true
          },
          {
            "childProductName": "卫生口罩",
            "id": "Ch_PT_598_ES",
            "sellable": true
          }
        ],
        "productName": "安保与安全"
      }
    ],
    "shipTo": "ES"
  },
  {
    "category": "安保和安全设备",
    "productList": [
      {
        "childProductList": [
          {
            "childProductName": "一氧化碳报警器",
            "id": "Ch_PT_89_ES",
            "sellable": true
          },
          {
            "childProductName": "可燃气体报警器",
            "id": "Ch_PT_88_ES",
            "sellable": true
          },
          {
            "childProductName": "防火和防烟面罩",
            "id": "Ch_PT_155_ES",
            "sellable": true
          },
          {
            "childProductName": "烟雾报警器",
            "id": "Ch_PT_107_ES",
            "sellable": true
          },
          {
            "childProductName": "烟雾探测器",
            "id": "Ch_PT_108_ES",
            "sellable": false
          }
        ],
        "productName": "安保与安全"
      }
    ],
    "shipTo": "ES"
  },
  {
    "category": "药物和保健品",
    "productList": [
      {
        "childProductList": [
          {
            "childProductName": "除颤器",
            "id": "Ch_PT_122_ES",
            "sellable": true
          }
        ],
        "productName": "医疗用品和设备"
      },
      {
        "childProductList": [
          {
            "childProductName": "体重管理膳食补充剂",
            "id": "Ch_PT_767_ES",
            "sellable": true
          },
          {
            "childProductName": "运动营养品",
            "id": "Ch_PT_769_ES",
            "sellable": true
          },
          {
            "childProductName": "鹅肝酱",
            "id": "Ch_PT_1780_ES",
            "sellable": false
          },
          {
            "childProductName": "预包装食品",
            "id": "Ch_PT_1781_ES",
            "sellable": true
          },
          {
            "childProductName": "有机食品",
            "id": "Ch_PT_1782_ES",
            "sellable": true
          },
          {
            "childProductName": "有机宠物食品",
            "id": "Ch_PT_1783_ES",
            "sellable": true
          },
          {
            "childProductName": "宠物食品",
            "id": "Ch_PT_1784_ES",
            "sellable": true
          },
          {
            "childProductName": "可食用 CBD",
            "id": "Ch_PT_1785_ES",
            "sellable": false
          },
          {
            "childProductName": "可食用大麻制品",
            "id": "Ch_PT_1787_ES",
            "sellable": true
          }
        ],
        "productName": "健康护理"
      }
    ],
    "shipTo": "ES"
  },
  {
    "category": "办公用品 ",
    "productList": [
      {
        "childProductList": [
          {
            "childProductName": "瓷砖粘合剂",
            "id": "Ch_PT_387_ES",
            "sellable": true
          }
        ],
        "productName": "办公必需品"
      }
    ],
    "shipTo": "ES"
  },
  {
    "category": "玩具",
    "productList": [
      {
        "childProductList": [
          {
            "childProductName": "水晶泥",
            "id": "Ch_PT_118_ES",
            "sellable": true
          }
        ],
        "productName": "工艺品"
      },
      {
        "childProductList": [
          {
            "childProductName": "儿童挤压玩具",
            "id": "Ch_PT_102_ES",
            "sellable": true
          }
        ],
        "productName": "玩偶玩具"
      },
      {
        "childProductList": [
          {
            "childProductName": "磁性粘土",
            "id": "Ch_PT_117_ES",
            "sellable": true
          }
        ],
        "productName": "婴幼儿/学龄前儿童"
      },
      {
        "childProductList": [
          {
            "childProductName": "指尖陀螺",
            "id": "Ch_PT_91_ES",
            "sellable": true
          },
          {
            "childProductName": "飞镖指尖陀螺",
            "id": "Ch_PT_92_ES",
            "sellable": false
          }
        ],
        "productName": "户外和运动玩具"
      },
      {
        "childProductList": [
          {
            "childProductName": "吸水珠",
            "id": "Ch_PT_414_ES",
            "sellable": false
          },
          {
            "childProductName": "玩具",
            "id": "Ch_PT_130_ES",
            "sellable": true
          }
        ],
        "productName": "其他玩具"
      }
    ],
    "shipTo": "ES"
  },
  {
    "category": "珠宝首饰",
    "productList": [
      {
        "childProductList": [
          {
            "childProductName": "珠宝首饰",
            "id": "Ch_PT_159_ES",
            "sellable": true
          }
        ],
        "productName": "服饰"
      }
    ],
    "shipTo": "ES"
  },
  {
    "category": "母婴",
    "productList": [
      {
        "childProductList": [
          {
            "childProductName": "婴儿床和幼儿床",
            "id": "Ch_PT_429_ES",
            "sellable": true
          },
          {
            "childProductName": "框式倾斜睡眠用品",
            "id": "Ch_PT_1013_ES",
            "sellable": false
          },
          {
            "childProductName": "吊床",
            "id": "Ch_PT_1014_ES",
            "sellable": false
          },
          {
            "childProductName": "紧凑型倾斜睡眠用品",
            "id": "Ch_PT_1015_ES",
            "sellable": false
          },
          {
            "childProductName": "倾斜睡眠用品配件",
            "id": "Ch_PT_1016_ES",
            "sellable": false
          },
          {
            "childProductName": "带垫枕的垫子",
            "id": "Ch_PT_1018_ES",
            "sellable": false
          },
          {
            "childProductName": "婴儿头枕和枕头",
            "id": "Ch_PT_1020_ES",
            "sellable": false
          },
          {
            "childProductName": "婴儿垫",
            "id": "Ch_PT_3742_ES",
            "sellable": false
          }
        ],
        "productName": "婴儿床上用品"
      },
      {
        "childProductList": [
          {
            "childProductName": "织物约束系统",
            "id": "Ch_PT_94_ES",
            "sellable": false
          }
        ],
        "productName": "汽车座椅"
      },
      {
        "childProductList": [
          {
            "childProductName": "软垫式婴儿床床围",
            "id": "Ch_PT_434_ES",
            "sellable": false
          },
          {
            "childProductName": "乙烯基床围防护件",
            "id": "Ch_PT_3764_ES",
            "sellable": false
          },
          {
            "childProductName": "网状婴儿床内衬",
            "id": "Ch_PT_3765_ES",
            "sellable": false
          },
          {
            "childProductName": "婴儿床立板罩",
            "id": "Ch_PT_3766_ES",
            "sellable": false
          },
          {
            "childProductName": "顶部床栏罩",
            "id": "Ch_PT_3767_ES",
            "sellable": false
          }
        ],
        "productName": "护理与安全"
      },
      {
        "childProductList": [
          {
            "childProductName": "婴儿奶瓶",
            "id": "Ch_PT_427_ES",
            "sellable": true
          },
          {
            "childProductName": "机动车儿童增高椅",
            "id": "Ch_PT_95_ES",
            "sellable": true
          },
          {
            "childProductName": "婴儿配方食品",
            "id": "Ch_PT_763_ES",
            "sellable": true
          },
          {
            "childProductName": "第二阶段婴儿配方食品",
            "id": "Ch_PT_764_ES",
            "sellable": true
          },
          {
            "childProductName": "面向婴幼儿的婴儿食品和加工谷物食品",
            "id": "Ch_PT_765_ES",
            "sellable": true
          },
          {
            "childProductName": "串珠和琥珀磨牙首饰",
            "id": "Ch_PT_1902_ES",
            "sellable": false
          },
          {
            "childProductName": "串珠夹和串珠链",
            "id": "Ch_PT_1903_ES",
            "sellable": false
          },
          {
            "childProductName": "蘑菇形婴儿磨牙器和安抚奶嘴",
            "id": "Ch_PT_1904_ES",
            "sellable": false
          },
          {
            "childProductName": "欧盟毛绒和拨浪鼓磨牙器",
            "id": "Ch_PT_1905_ES",
            "sellable": true
          }
        ],
        "productName": "喂养用品"
      },
      {
        "childProductList": [
          {
            "childProductName": "婴儿摇椅",
            "id": "Ch_PT_430_ES",
            "sellable": true
          }
        ],
        "productName": "家具"
      },
      {
        "childProductList": [
          {
            "childProductName": "卧式婴儿车和坐式婴儿车",
            "id": "Ch_PT_428_ES",
            "sellable": true
          }
        ],
        "productName": "坐式婴儿车"
      }
    ],
    "shipTo": "ES"
  },
  {
    "category": "家居",
    "productList": [
      {
        "childProductList": [
          {
            "childProductName": "纺织地板覆盖物",
            "id": "Ch_PT_392_ES",
            "sellable": true
          },
          {
            "childProductName": "沐浴用品",
            "id": "Ch_PT_378_ES",
            "sellable": true
          }
        ],
        "productName": "洗浴和洗涤用品"
      },
      {
        "childProductList": [
          {
            "childProductName": "镜子",
            "id": "Ch_PT_385_ES",
            "sellable": true
          }
        ],
        "productName": "家居装饰"
      },
      {
        "childProductList": [
          {
            "childProductName": "水池",
            "id": "Ch_PT_382_ES",
            "sellable": true
          }
        ],
        "productName": "家居储物"
      }
    ],
    "shipTo": "ES"
  },
  {
    "category": "厨房用品",
    "productList": [
      {
        "childProductList": [
          {
            "childProductName": "高压锅",
            "id": "Ch_PT_126_ES",
            "sellable": true
          }
        ],
        "productName": "烹饪器具"
      }
    ],
    "shipTo": "ES"
  },
  {
    "category": "汽车用品",
    "productList": [
      {
        "childProductList": [
          {
            "childProductName": "汽车座椅加热垫",
            "id": "Ch_PT_433_ES",
            "sellable": false
          },
          {
            "childProductName": "电动交通设备电池",
            "id": "Ch_PT_2309_ES",
            "sellable": true
          },
          {
            "childProductName": "电动交通设备壁式充电器",
            "id": "Ch_PT_2310_ES",
            "sellable": true
          },
          {
            "childProductName": "电动交通设备汽车充电器",
            "id": "Ch_PT_2311_ES",
            "sellable": true
          }
        ],
        "productName": "汽车用品配件"
      },
      {
        "childProductList": [
          {
            "childProductName": "电动轻便摩托车和电动自行车",
            "id": "Ch_PT_115_ES",
            "sellable": true
          }
        ],
        "productName": "户外车辆和船舶用品"
      }
    ],
    "shipTo": "ES"
  },
  {
    "category": "厨房",
    "productList": [
      {
        "childProductList": [
          {
            "childProductName": "奶油打发器",
            "id": "Ch_PT_417_ES",
            "sellable": false
          }
        ],
        "productName": "烹饪用具"
      }
    ],
    "shipTo": "ES"
  },
  {
    "category": "母婴商品",
    "productList": [
      {
        "childProductList": [
          {
            "childProductName": "前向式儿童乘员用约束系统",
            "id": "Ch_PT_3808_ES",
            "sellable": true
          },
          {
            "childProductName": "后向式儿童乘员用约束装置",
            "id": "Ch_PT_3809_ES",
            "sellable": true
          }
        ],
        "productName": "汽车座椅"
      }
    ],
    "shipTo": "ES"
  },
  {
    "category": "其他商品",
    "productList": [
      {
        "childProductList": [
          {
            "childProductName": "叠氮化钠",
            "id": "Ch_PT_435_ES",
            "sellable": false
          }
        ],
        "productName": "化学和生命科学"
      }
    ],
    "shipTo": "ES"
  }
]