[
  {
    "productName": "电子产品",
    "childProductList": [
      {
        "childProductList": [
          {
            "productName": "手机电池",
            "id": "Ch_PT_1610",
            "sellable": true
          },
          {
            "productName": "移动电源",
            "id": "Ch_PT_1615",
            "sellable": true
          },
          {
            "productName": "电源组",
            "id": "Ch_PT_1800",
            "sellable": true
          },
          {
            "productName": "便携式发电机和便携式逆变发电机",
            "id": "Ch_PT_1801",
            "sellable": true
          },
          {
            "productName": "电源驱动产品",
            "id": "Ch_PT_1803",
            "sellable": true
          },
          {
            "productName": "便携式汽车应急电源",
            "id": "Ch_PT_1812",
            "sellable": true
          }
        ],
        "productName": "其他配件"
      }
    ],
    "shipTo": "CA"
  },
  {
    "productName": "家具",
    "childProductList": [
      {
        "childProductList": [
          {
            "productName": "儿童床",
            "id": "Ch_PT_1544",
            "sellable": true
          },
          {
            "productName": "婴幼儿围嘴",
            "id": "Ch_PT_1644",
            "sellable": true
          },
          {
            "productName": "儿童床垫",
            "id": "Ch_PT_1978",
            "sellable": true
          }
        ],
        "productName": "卧室家具"
      },
      {
        "childProductList": [
          {
            "productName": "儿童折叠椅和折叠凳",
            "id": "Ch_PT_2223",
            "sellable": true
          }
        ],
        "productName": "家庭办公家具"
      },
      {
        "childProductList": [
          {
            "productName": "栅栏",
            "id": "Ch_PT_1572",
            "sellable": true
          },
          {
            "productName": "婴儿围栏",
            "id": "Ch_PT_1633",
            "sellable": true
          },
          {
            "productName": "活动床栏",
            "id": "Ch_PT_1634",
            "sellable": true
          },
          {
            "productName": "便携式挂椅",
            "id": "Ch_PT_1635",
            "sellable": true
          },
          {
            "productName": "背巾",
            "id": "Ch_PT_1636",
            "sellable": true
          }
        ],
        "productName": "其他"
      }
    ],
    "shipTo": "CA"
  },
  {
    "productName": "个人电脑",
    "childProductList": [
      {
        "childProductList": [
          {
            "productName": "笔记本电脑电池",
            "id": "Ch_PT_1608",
            "sellable": true
          },
          {
            "productName": "笔记本电脑充电器/电源适配器",
            "id": "Ch_PT_1609",
            "sellable": true
          }
        ],
        "productName": "笔记本电脑配件"
      }
    ],
    "shipTo": "CA"
  },
  {
    "productName": "家居装修",
    "childProductList": [
      {
        "childProductList": [
          {
            "productName": "除漆剂类商品",
            "id": "Ch_PT_1614",
            "sellable": true
          }
        ],
        "productName": "绘画用品"
      },
      {
        "childProductList": [
          {
            "productName": "灯串",
            "id": "Ch_PT_1618",
            "sellable": true
          }
        ],
        "productName": "照明装置和风扇"
      }
    ],
    "shipTo": "CA"
  },
  {
    "productName": "草坪和园艺",
    "childProductList": [
      {
        "childProductList": [
          {
            "productName": "便携式电源逆变器",
            "id": "Ch_PT_1799",
            "sellable": true
          }
        ],
        "productName": "发电机"
      }
    ],
    "shipTo": "CA"
  },
  {
    "productName": "服装",
    "childProductList": [
      {
        "childProductList": [
          {
            "productName": "带拉绳的童装上衣",
            "id": "Ch_PT_1586",
            "sellable": false
          },
          {
            "productName": "儿童下身拉绳外衣",
            "id": "Ch_PT_1587",
            "sellable": true
          }
        ],
        "productName": "婴儿服装"
      }
    ],
    "shipTo": "CA"
  },
  {
    "productName": "母婴商品",
    "childProductList": [
      {
        "childProductList": [
          {
            "productName": "前向式儿童乘员用约束系统",
            "id": "Ch_PT_3785",
            "sellable": true
          },
          {
            "productName": "后向式儿童乘员用约束装置",
            "id": "Ch_PT_3786",
            "sellable": true
          }
        ],
        "productName": "汽车座椅"
      }
    ],
    "shipTo": "CA"
  },
  {
    "productName": "母婴",
    "childProductList": [
      {
        "childProductList": [
          {
            "productName": "儿童安全门和围栏",
            "id": "Ch_PT_1545",
            "sellable": true
          }
        ],
        "productName": "护理与安全"
      },
      {
        "childProductList": [
          {
            "productName": "儿童餐椅",
            "id": "Ch_PT_1546",
            "sellable": true
          },
          {
            "productName": "婴幼儿喂养用品",
            "id": "Ch_PT_1562",
            "sellable": true
          },
          {
            "productName": "儿童增高椅",
            "id": "Ch_PT_1631",
            "sellable": true
          },
          {
            "productName": "安抚奶嘴",
            "id": "Ch_PT_1645",
            "sellable": true
          },
          {
            "productName": "安抚奶嘴防掉带和安抚奶嘴夹",
            "id": "Ch_PT_1646",
            "sellable": true
          }
        ],
        "productName": "喂养用品"
      },
      {
        "childProductList": [
          {
            "productName": "婴儿摇椅 ",
            "id": "Ch_PT_1547",
            "sellable": true
          }
        ],
        "productName": "婴儿汽车安全座椅"
      },
      {
        "childProductList": [
          {
            "productName": "学步车",
            "id": "Ch_PT_1548",
            "sellable": true
          }
        ],
        "productName": "活动和装备"
      },
      {
        "childProductList": [
          {
            "productName": "婴儿坐式摇篮",
            "id": "Ch_PT_1549",
            "sellable": true
          },
          {
            "productName": "婴儿卧式摇篮",
            "id": "Ch_PT_1550",
            "sellable": true
          },
          {
            "productName": "串珠磨牙器/琥珀磨牙首饰",
            "id": "Ch_PT_1560",
            "sellable": false
          },
          {
            "productName": "蘑菇状婴儿磨牙器/安抚奶嘴",
            "id": "Ch_PT_1561",
            "sellable": false
          },
          {
            "productName": "婴儿沐浴椅",
            "id": "Ch_PT_1563",
            "sellable": true
          },
          {
            "productName": "婴儿浴缸",
            "id": "Ch_PT_1564",
            "sellable": true
          },
          {
            "productName": "磨牙器",
            "id": "Ch_PT_1638",
            "sellable": true
          }
        ],
        "productName": "杂项"
      },
      {
        "childProductList": [
          {
            "productName": "婴儿床",
            "id": "Ch_PT_1553",
            "sellable": true
          },
          {
            "productName": "婴儿倾斜睡眠用品",
            "id": "Ch_PT_1557",
            "sellable": false
          },
          {
            "productName": "框架式儿童背带",
            "id": "Ch_PT_1632",
            "sellable": true
          },
          {
            "productName": "软质婴幼儿背带",
            "id": "Ch_PT_1637",
            "sellable": true
          },
          {
            "productName": "儿童护理用品",
            "id": "Ch_PT_1795",
            "sellable": true
          },
          {
            "productName": "婴儿头枕和枕头",
            "id": "Ch_PT_3756",
            "sellable": false
          },
          {
            "productName": "婴儿垫",
            "id": "Ch_PT_3757",
            "sellable": false
          },
          {
            "productName": "带垫枕的垫子",
            "id": "Ch_PT_3758",
            "sellable": false
          },
          {
            "productName": "带垫枕的楔形垫",
            "id": "Ch_PT_3759",
            "sellable": false
          }
        ],
        "productName": "婴儿床上用品"
      },
      {
        "childProductList": [
          {
            "productName": "摇篮",
            "id": "Ch_PT_1554",
            "sellable": true
          },
          {
            "productName": "婴儿摇篮",
            "id": "Ch_PT_1555",
            "sellable": true
          },
          {
            "productName": "床旁婴儿床",
            "id": "Ch_PT_1556",
            "sellable": true
          }
        ],
        "productName": "家具"
      },
      {
        "childProductList": [
          {
            "productName": "卧式婴儿车",
            "id": "Ch_PT_1565",
            "sellable": true
          },
          {
            "productName": "坐式婴儿车",
            "id": "Ch_PT_1566",
            "sellable": true
          },
          {
            "productName": "坐卧两用婴儿车 ",
            "id": "Ch_PT_1567",
            "sellable": true
          }
        ],
        "productName": "坐式婴儿车"
      },
      {
        "childProductList": [
          {
            "productName": "尿布台",
            "id": "Ch_PT_1568",
            "sellable": true
          },
          {
            "productName": "尿布台配件",
            "id": "Ch_PT_1569",
            "sellable": true
          },
          {
            "productName": "尿布台附加装置",
            "id": "Ch_PT_1570",
            "sellable": true
          },
          {
            "productName": "波形尿布垫",
            "id": "Ch_PT_1571",
            "sellable": true
          }
        ],
        "productName": "尿布"
      },
      {
        "childProductList": [
          {
            "productName": "特殊需求婴儿乘员用约束系统",
            "id": "Ch_PT_1578",
            "sellable": true
          },
          {
            "productName": "旅行装置",
            "id": "Ch_PT_1579",
            "sellable": true
          },
          {
            "productName": "织物约束系统",
            "id": "Ch_PT_1580",
            "sellable": false
          }
        ],
        "productName": "汽车座椅"
      }
    ],
    "shipTo": "CA"
  },
  {
    "productName": "工具",
    "childProductList": [
      {
        "childProductList": [
          {
            "productName": "防坠安全带",
            "id": "Ch_PT_1573",
            "sellable": true
          },
          {
            "productName": "烟雾报警器",
            "id": "Ch_PT_1594",
            "sellable": true
          },
          {
            "productName": "烟雾探测器",
            "id": "Ch_PT_1595",
            "sellable": true
          },
          {
            "productName": "一氧化碳报警器",
            "id": "Ch_PT_1596",
            "sellable": true
          },
          {
            "productName": "水基试剂灭火器",
            "id": "Ch_PT_1598",
            "sellable": true
          },
          {
            "productName": "二氧化碳灭火器",
            "id": "Ch_PT_1599",
            "sellable": true
          },
          {
            "productName": "干粉灭火器",
            "id": "Ch_PT_1600",
            "sellable": true
          },
          {
            "productName": "清水灭火器",
            "id": "Ch_PT_1601",
            "sellable": true
          },
          {
            "productName": "湿式化学灭火器",
            "id": "Ch_PT_1778",
            "sellable": true
          },
          {
            "productName": "家用天然气探测器",
            "id": "Ch_PT_1779",
            "sellable": true
          },
          {
            "productName": "防火和防烟面罩",
            "id": "Ch_PT_1802",
            "sellable": true
          },
          {
            "productName": "卤烃清洁剂灭火器",
            "id": "Ch_PT_1602",
            "sellable": true
          }
        ],
        "productName": "安保与安全"
      },
      {
        "childProductList": [
          {
            "productName": "口呼吸贴",
            "id": "Ch_PT_2296",
            "sellable": false
          }
        ],
        "productName": "安保与安全用品"
      },
      {
        "childProductList": [
          {
            "productName": "非玩具类磁体商品",
            "id": "Ch_PT_1657",
            "sellable": false
          }
        ],
        "productName": "电动工具配件"
      }
    ],
    "shipTo": "CA"
  },
  {
    "productName": "家居",
    "childProductList": [
      {
        "childProductList": [
          {
            "productName": "书皮",
            "id": "Ch_PT_1583",
            "sellable": true
          }
        ],
        "productName": "艺术品、工艺品和缝纫用品"
      },
      {
        "childProductList": [
          {
            "productName": "便携式电加热器",
            "id": "Ch_PT_1643",
            "sellable": true
          },
          {
            "productName": "玻璃门和围栏",
            "id": "Ch_PT_2254",
            "sellable": true
          }
        ],
        "productName": "家居环境"
      },
      {
        "childProductList": [
          {
            "productName": "独立式衣物收纳商品",
            "id": "Ch_PT_1654",
            "sellable": true
          },
          {
            "productName": "便携式燃料容器",
            "id": "Ch_PT_1655",
            "sellable": true
          }
        ],
        "productName": "家居储物"
      },
      {
        "childProductList": [
          {
            "productName": "夜灯",
            "id": "Ch_PT_2224",
            "sellable": true
          }
        ],
        "productName": "户外生活"
      }
    ],
    "shipTo": "CA"
  },
  {
    "productName": "体育用品",
    "childProductList": [
      {
        "childProductList": [
          {
            "productName": "蹦床",
            "id": "Ch_PT_1630",
            "sellable": true
          }
        ],
        "productName": "游戏室和休闲用品"
      },
      {
        "childProductList": [
          {
            "productName": "登山用锁扣",
            "id": "Ch_PT_1639",
            "sellable": true
          },
          {
            "productName": "攀岩绳",
            "id": "Ch_PT_1647",
            "sellable": true
          }
        ],
        "productName": "锻炼和健身"
      }
    ],
    "shipTo": "CA"
  },
  {
    "productName": "户外用品",
    "childProductList": [
      {
        "childProductList": [
          {
            "productName": "儿童双板滑雪/单板滑雪头盔",
            "id": "Ch_PT_1551",
            "sellable": true
          },
          {
            "productName": "双板滑雪/单板滑雪头盔",
            "id": "Ch_PT_1552",
            "sellable": true
          },
          {
            "productName": "滑板车产品",
            "id": "Ch_PT_1804",
            "sellable": true
          },
          {
            "productName": "自平衡单轮车",
            "id": "Ch_PT_1805",
            "sellable": true
          },
          {
            "productName": "电动滑板",
            "id": "Ch_PT_1806",
            "sellable": true
          },
          {
            "productName": "电动踏板车",
            "id": "Ch_PT_1807",
            "sellable": true
          },
          {
            "productName": "自平衡个人交通工具",
            "id": "Ch_PT_1808",
            "sellable": true
          },
          {
            "productName": "电动三轮车",
            "id": "Ch_PT_1809",
            "sellable": true
          },
          {
            "productName": "电动自行车",
            "id": "Ch_PT_1810",
            "sellable": true
          },
          {
            "productName": "电动移动设备配件",
            "id": "Ch_PT_1811",
            "sellable": false
          }
        ],
        "productName": "冲浪/滑雪/滑板"
      },
      {
        "childProductList": [
          {
            "productName": "单筒望远镜日光过滤装置",
            "id": "Ch_PT_1589",
            "sellable": false
          },
          {
            "productName": "救生衣",
            "id": "Ch_PT_1640",
            "sellable": true
          },
          {
            "productName": "浮力辅助装备",
            "id": "Ch_PT_1641",
            "sellable": true
          },
          {
            "productName": "硬壳头盔",
            "id": "Ch_PT_1648",
            "sellable": true
          },
          {
            "productName": "泡沫壳头盔",
            "id": "Ch_PT_1649",
            "sellable": true
          },
          {
            "productName": "通用型马术头盔",
            "id": "Ch_PT_1651",
            "sellable": true
          },
          {
            "productName": "儿童马术头盔",
            "id": "Ch_PT_1652",
            "sellable": true
          },
          {
            "productName": "便携式火炉",
            "id": "Ch_PT_1653",
            "sellable": true
          },
          {
            "productName": "特殊用途设备",
            "id": "Ch_PT_1642",
            "sellable": true
          },
          {
            "productName": "登山安全带",
            "id": "Ch_PT_1650",
            "sellable": true
          }
        ],
        "productName": "户外急救和安全"
      },
      {
        "childProductList": [
          {
            "productName": "摩托车头盔",
            "id": "Ch_PT_1613",
            "sellable": true
          },
          {
            "productName": "儿童自行车",
            "id": "Ch_PT_1796",
            "sellable": true
          }
        ],
        "productName": "骑行用品"
      },
      {
        "childProductList": [
          {
            "productName": "自行车头盔",
            "id": "Ch_PT_1922",
            "sellable": true
          }
        ],
        "productName": "自行车"
      }
    ],
    "shipTo": "CA"
  },
  {
    "productName": "珠宝首饰",
    "childProductList": [
      {
        "childProductList": [
          {
            "productName": "儿童珠宝首饰",
            "id": "Ch_PT_1581",
            "sellable": true
          }
        ],
        "productName": "服饰"
      }
    ],
    "shipTo": "CA"
  },
  {
    "productName": "箱包",
    "childProductList": [
      {
        "childProductList": [
          {
            "productName": "背包",
            "id": "Ch_PT_1582",
            "sellable": true
          }
        ],
        "productName": "儿童"
      }
    ],
    "shipTo": "CA"
  },
  {
    "productName": "玩具",
    "childProductList": [
      {
        "childProductList": [
          {
            "productName": "指尖陀螺",
            "id": "Ch_PT_1591",
            "sellable": true
          },
          {
            "productName": "飞镖指尖陀螺",
            "id": "Ch_PT_1592",
            "sellable": false
          },
          {
            "productName": "儿童玩具",
            "id": "Ch_PT_1619",
            "sellable": true
          }
        ],
        "productName": "户外和运动玩具"
      },
      {
        "childProductList": [
          {
            "productName": "隐形墨水笔",
            "id": "Ch_PT_1606",
            "sellable": true
          }
        ],
        "productName": "新奇物品/派对用品/服装/装饰品"
      },
      {
        "childProductList": [
          {
            "productName": "磁性积木片",
            "id": "Ch_PT_1607",
            "sellable": true
          }
        ],
        "productName": "拼图"
      },
      {
        "childProductList": [
          {
            "productName": "水珠",
            "id": "Ch_PT_3038",
            "sellable": false
          }
        ],
        "productName": "玩具"
      }
    ],
    "shipTo": "CA"
  },
  {
    "productName": "无线产品",
    "childProductList": [
      {
        "childProductList": [
          {
            "productName": "插墙式手机充电器",
            "id": "Ch_PT_1611",
            "sellable": true
          },
          {
            "productName": "手机车载充电器",
            "id": "Ch_PT_1612",
            "sellable": true
          }
        ],
        "productName": "无线配件"
      }
    ],
    "shipTo": "CA"
  },
  {
    "productName": "软百货商品私有品牌",
    "childProductList": [
      {
        "childProductList": [
          {
            "productName": "宽松式睡衣",
            "id": "Ch_PT_1628",
            "sellable": true
          },
          {
            "productName": "紧身睡衣",
            "id": "Ch_PT_1629",
            "sellable": true
          }
        ],
        "productName": "女士私有品牌"
      }
    ],
    "shipTo": "CA"
  },
  {
    "productName": "厨房",
    "childProductList": [
      {
        "childProductList": [
          {
            "productName": "烧烤架刷商品",
            "id": "Ch_PT_1656",
            "sellable": true
          },
          {
            "productName": "木炭",
            "id": "Ch_PT_2317",
            "sellable": true
          }
        ],
        "productName": "烹饪用具"
      },
      {
        "childProductList": [
          {
            "productName": "陶瓷制品",
            "id": "Ch_PT_1979",
            "sellable": true
          },
          {
            "productName": "杯子或马克杯",
            "id": "Ch_PT_1980",
            "sellable": true
          },
          {
            "productName": "饮具",
            "id": "Ch_PT_1981",
            "sellable": true
          },
          {
            "productName": "扁平餐具",
            "id": "Ch_PT_1982",
            "sellable": true
          },
          {
            "productName": "餐具",
            "id": "Ch_PT_1983",
            "sellable": true
          },
          {
            "productName": "凹形器皿",
            "id": "Ch_PT_1984",
            "sellable": true
          },
          {
            "productName": "大号凹形器皿",
            "id": "Ch_PT_1985",
            "sellable": true
          },
          {
            "productName": "带柄水壶",
            "id": "Ch_PT_1986",
            "sellable": true
          },
          {
            "productName": "小号凹形器皿",
            "id": "Ch_PT_1987",
            "sellable": true
          },
          {
            "productName": "冰球面部保护罩",
            "id": "Ch_PT_1988",
            "sellable": true
          }
        ],
        "productName": "餐饮器具"
      },
      {
        "childProductList": [
          {
            "productName": "水壶",
            "id": "Ch_PT_2255",
            "sellable": true
          }
        ],
        "productName": "烹饪器具"
      }
    ],
    "shipTo": "CA"
  }
]