[
  {
    "productName": "家居装修",
    "childProductList": [
      {
        "childProductList": [
          {
            "productName": "坐浴盆",
            "id": "Ch_PT_379_FR",
            "sellable": true
          }
        ],
        "productName": "家电零件和配件"
      },
      {
        "childProductList": [
          {
            "productName": "砖块",
            "id": "Ch_PT_394_FR",
            "sellable": true
          },
          {
            "productName": "钢制铰链",
            "id": "Ch_PT_390_FR",
            "sellable": true
          },
          {
            "productName": "地板",
            "id": "Ch_PT_391_FR",
            "sellable": true
          },
          {
            "productName": "地板砖",
            "id": "Ch_PT_386_FR",
            "sellable": true
          },
          {
            "productName": "地板衬垫",
            "id": "Ch_PT_393_FR",
            "sellable": true
          }
        ],
        "productName": "建筑材料和梯子"
      },
      {
        "childProductList": [
          {
            "productName": "钢制紧固件",
            "id": "Ch_PT_388_FR",
            "sellable": true
          },
          {
            "productName": "钢制储物柜",
            "id": "Ch_PT_389_FR",
            "sellable": true
          }
        ],
        "productName": "硬件"
      },
      {
        "childProductList": [
          {
            "productName": "灯串",
            "id": "Ch_PT_106_FR",
            "sellable": true
          }
        ],
        "productName": "照明装置和风扇"
      },
      {
        "childProductList": [
          {
            "productName": "淋浴房",
            "id": "Ch_PT_383_FR",
            "sellable": true
          },
          {
            "productName": "淋浴盆",
            "id": "Ch_PT_384_FR",
            "sellable": true
          },
          {
            "productName": "水槽",
            "id": "Ch_PT_376_FR",
            "sellable": true
          },
          {
            "productName": "洗涤盆",
            "id": "Ch_PT_377_FR",
            "sellable": true
          },
          {
            "productName": "坐便器",
            "id": "Ch_PT_380_FR",
            "sellable": true
          },
          {
            "productName": "小便池",
            "id": "Ch_PT_381_FR",
            "sellable": true
          }
        ],
        "productName": "卫生器具"
      }
    ],
    "shipTo": "FR"
  },
  {
    "productName": "玩具",
    "childProductList": [
      {
        "childProductList": [
          {
            "productName": "水晶泥",
            "id": "Ch_PT_118_FR",
            "sellable": true
          }
        ],
        "productName": "工艺品"
      },
      {
        "childProductList": [
          {
            "productName": "儿童挤压玩具",
            "id": "Ch_PT_102_FR",
            "sellable": true
          }
        ],
        "productName": "玩偶玩具"
      },
      {
        "childProductList": [
          {
            "productName": "磁性粘土",
            "id": "Ch_PT_117_FR",
            "sellable": true
          }
        ],
        "productName": "婴幼儿/学龄前儿童"
      },
      {
        "childProductList": [
          {
            "productName": "指尖陀螺",
            "id": "Ch_PT_91_FR",
            "sellable": true
          },
          {
            "productName": "飞镖指尖陀螺",
            "id": "Ch_PT_92_FR",
            "sellable": false
          }
        ],
        "productName": "户外和运动玩具"
      },
      {
        "childProductList": [
          {
            "productName": "吸水珠",
            "id": "Ch_PT_414_FR",
            "sellable": false
          },
          {
            "productName": "玩具",
            "id": "Ch_PT_130_FR",
            "sellable": true
          }
        ],
        "productName": "其他玩具"
      }
    ],
    "shipTo": "FR"
  },
  {
    "productName": "母婴商品",
    "childProductList": [
      {
        "childProductList": [
          {
            "productName": "前向式儿童乘员用约束系统",
            "id": "Ch_PT_3783_FR",
            "sellable": true
          },
          {
            "productName": "后向式儿童乘员用约束装置",
            "id": "Ch_PT_3784_FR",
            "sellable": true
          }
        ],
        "productName": "汽车座椅"
      }
    ],
    "shipTo": "FR"
  },
  {
    "productName": "珠宝首饰",
    "childProductList": [
      {
        "childProductList": [
          {
            "productName": "珠宝首饰",
            "id": "Ch_PT_159_FR",
            "sellable": true
          }
        ],
        "productName": "服饰"
      }
    ],
    "shipTo": "FR"
  },
  {
    "productName": "家居",
    "childProductList": [
      {
        "childProductList": [
          {
            "productName": "纺织地板覆盖物",
            "id": "Ch_PT_392_FR",
            "sellable": true
          },
          {
            "productName": "沐浴用品",
            "id": "Ch_PT_378_FR",
            "sellable": true
          }
        ],
        "productName": "洗浴和洗涤用品"
      },
      {
        "childProductList": [
          {
            "productName": "镜子",
            "id": "Ch_PT_385_FR",
            "sellable": true
          }
        ],
        "productName": "家居装饰"
      },
      {
        "childProductList": [
          {
            "productName": "水池",
            "id": "Ch_PT_382_FR",
            "sellable": true
          }
        ],
        "productName": "家居储物"
      }
    ],
    "shipTo": "FR"
  },
  {
    "productName": "办公用品 ",
    "childProductList": [
      {
        "childProductList": [
          {
            "productName": "瓷砖粘合剂",
            "id": "Ch_PT_387_FR",
            "sellable": true
          }
        ],
        "productName": "办公必需品"
      }
    ],
    "shipTo": "FR"
  },
  {
    "productName": "户外用品",
    "childProductList": [
      {
        "childProductList": [
          {
            "productName": "电动自行车",
            "id": "Ch_PT_113_FR",
            "sellable": true
          },
          {
            "productName": "电动四轮车",
            "id": "Ch_PT_111_FR",
            "sellable": true
          },
          {
            "productName": "电动三轮车",
            "id": "Ch_PT_110_FR",
            "sellable": true
          },
          {
            "productName": "自平衡踏板车/电动单轮车",
            "id": "Ch_PT_1012_FR",
            "sellable": true
          }
        ],
        "productName": "自行车"
      },
      {
        "childProductList": [
          {
            "productName": "电动踏板车",
            "id": "Ch_PT_114_FR",
            "sellable": true
          },
          {
            "productName": "电动滑板",
            "id": "Ch_PT_112_FR",
            "sellable": true
          },
          {
            "productName": "滑板车产品",
            "id": "Ch_PT_109_FR",
            "sellable": true
          },
          {
            "productName": "自平衡个人交通工具",
            "id": "Ch_PT_116_FR",
            "sellable": true
          }
        ],
        "productName": "冲浪/滑雪/滑板"
      },
      {
        "childProductList": [
          {
            "productName": "浮具  50 级",
            "id": "Ch_PT_1021_FR",
            "sellable": true
          },
          {
            "productName": "救生衣  100 级",
            "id": "Ch_PT_1022_FR",
            "sellable": true
          },
          {
            "productName": "救生衣  150 级",
            "id": "Ch_PT_1023_FR",
            "sellable": true
          },
          {
            "productName": "救生衣  275 级",
            "id": "Ch_PT_1024_FR",
            "sellable": true
          }
        ],
        "productName": "户外急救和安全"
      }
    ],
    "shipTo": "FR"
  },
  {
    "productName": "工具",
    "childProductList": [
      {
        "childProductList": [
          {
            "productName": "角磨床链锯套件/磨盘",
            "id": "Ch_PT_416_FR",
            "sellable": false
          }
        ],
        "productName": "电动工具配件"
      },
      {
        "childProductList": [
          {
            "productName": "医用口罩",
            "id": "Ch_PT_596_FR",
            "sellable": true
          },
          {
            "productName": "防护面罩",
            "id": "Ch_PT_597_FR",
            "sellable": true
          }
        ],
        "productName": "安保与安全"
      }
    ],
    "shipTo": "FR"
  },
  {
    "productName": "母婴",
    "childProductList": [
      {
        "childProductList": [
          {
            "productName": "婴儿床和幼儿床",
            "id": "Ch_PT_429_FR",
            "sellable": true
          },
          {
            "productName": "框式倾斜睡眠用品",
            "id": "Ch_PT_1013_FR",
            "sellable": false
          },
          {
            "productName": "吊床",
            "id": "Ch_PT_1014_FR",
            "sellable": false
          },
          {
            "productName": "紧凑型倾斜睡眠用品",
            "id": "Ch_PT_1015_FR",
            "sellable": false
          },
          {
            "productName": "倾斜睡眠用品配件",
            "id": "Ch_PT_1016_FR",
            "sellable": false
          },
          {
            "productName": "带垫枕的垫子",
            "id": "Ch_PT_1018_FR",
            "sellable": false
          },
          {
            "productName": "无垫枕楔形垫",
            "id": "Ch_PT_1019_FR",
            "sellable": false
          },
          {
            "productName": "婴儿头枕和枕头",
            "id": "Ch_PT_1020_FR",
            "sellable": false
          },
          {
            "productName": "婴儿垫",
            "id": "Ch_PT_3743_FR",
            "sellable": false
          }
        ],
        "productName": "婴儿床上用品"
      },
      {
        "childProductList": [
          {
            "productName": "织物约束系统",
            "id": "Ch_PT_94_FR",
            "sellable": false
          }
        ],
        "productName": "汽车座椅"
      },
      {
        "childProductList": [
          {
            "productName": "软垫式婴儿床床围",
            "id": "Ch_PT_434_FR",
            "sellable": false
          },
          {
            "productName": "乙烯基床围防护件",
            "id": "Ch_PT_3768_FR",
            "sellable": false
          },
          {
            "productName": "网状婴儿床内衬",
            "id": "Ch_PT_3769_FR",
            "sellable": false
          },
          {
            "productName": "婴儿床立板罩",
            "id": "Ch_PT_3770_FR",
            "sellable": false
          },
          {
            "productName": "顶部床栏罩",
            "id": "Ch_PT_3771_FR",
            "sellable": false
          }
        ],
        "productName": "护理与安全"
      },
      {
        "childProductList": [
          {
            "productName": "婴儿奶瓶",
            "id": "Ch_PT_427_FR",
            "sellable": true
          },
          {
            "productName": "机动车儿童增高椅",
            "id": "Ch_PT_95_FR",
            "sellable": true
          },
          {
            "productName": "婴儿配方食品",
            "id": "Ch_PT_763_FR",
            "sellable": true
          },
          {
            "productName": "第二阶段婴儿配方食品",
            "id": "Ch_PT_764_FR",
            "sellable": true
          },
          {
            "productName": "面向婴幼儿的婴儿食品和加工谷物食品",
            "id": "Ch_PT_765_FR",
            "sellable": true
          },
          {
            "productName": "串珠和琥珀磨牙首饰",
            "id": "Ch_PT_1902_FR",
            "sellable": false
          },
          {
            "productName": "串珠夹和串珠链",
            "id": "Ch_PT_1903_FR",
            "sellable": false
          },
          {
            "productName": "蘑菇形婴儿磨牙器和安抚奶嘴",
            "id": "Ch_PT_1904_FR",
            "sellable": false
          },
          {
            "productName": "欧盟毛绒和拨浪鼓磨牙器",
            "id": "Ch_PT_1905_FR",
            "sellable": true
          }
        ],
        "productName": "喂养用品"
      },
      {
        "childProductList": [
          {
            "productName": "婴儿摇椅",
            "id": "Ch_PT_430_FR",
            "sellable": true
          }
        ],
        "productName": "家具"
      },
      {
        "childProductList": [
          {
            "productName": "卧式婴儿车和坐式婴儿车",
            "id": "Ch_PT_428_FR",
            "sellable": true
          }
        ],
        "productName": "坐式婴儿车"
      }
    ],
    "shipTo": "FR"
  },
  {
    "productName": "厨房",
    "childProductList": [
      {
        "childProductList": [
          {
            "productName": "奶油打发器",
            "id": "Ch_PT_417_FR",
            "sellable": false
          }
        ],
        "productName": "烹饪用具"
      }
    ],
    "shipTo": "FR"
  },
  {
    "productName": "汽车用品",
    "childProductList": [
      {
        "childProductList": [
          {
            "productName": "汽车座椅加热垫",
            "id": "Ch_PT_433_FR",
            "sellable": false
          },
          {
            "productName": "电动交通设备电池",
            "id": "Ch_PT_2303_FR",
            "sellable": true
          },
          {
            "productName": "电动交通设备壁式充电器",
            "id": "Ch_PT_2304_FR",
            "sellable": true
          },
          {
            "productName": "电动交通设备汽车充电器",
            "id": "Ch_PT_2305_FR",
            "sellable": true
          }
        ],
        "productName": "汽车用品配件"
      },
      {
        "childProductList": [
          {
            "productName": "电动轻便摩托车和电动自行车",
            "id": "Ch_PT_115_FR",
            "sellable": true
          }
        ],
        "productName": "机动车辆和船舶用品"
      }
    ],
    "shipTo": "FR"
  },
  {
    "productName": "药物和保健品",
    "childProductList": [
      {
        "childProductList": [
          {
            "productName": "除颤器",
            "id": "Ch_PT_122_FR",
            "sellable": true
          }
        ],
        "productName": "医疗用品和设备"
      },
      {
        "childProductList": [
          {
            "productName": "体重管理膳食补充剂",
            "id": "Ch_PT_767_FR",
            "sellable": true
          },
          {
            "productName": "运动营养品",
            "id": "Ch_PT_769_FR",
            "sellable": true
          },
          {
            "productName": "鹅肝酱",
            "id": "Ch_PT_1780_FR",
            "sellable": false
          },
          {
            "productName": "预包装食品",
            "id": "Ch_PT_1781_FR",
            "sellable": true
          },
          {
            "productName": "有机食品",
            "id": "Ch_PT_1782_FR",
            "sellable": true
          },
          {
            "productName": "有机宠物食品",
            "id": "Ch_PT_1783_FR",
            "sellable": true
          },
          {
            "productName": "宠物食品",
            "id": "Ch_PT_1784_FR",
            "sellable": true
          },
          {
            "productName": "可食用 CBD",
            "id": "Ch_PT_1785_FR",
            "sellable": false
          },
          {
            "productName": "可食用大麻制品",
            "id": "Ch_PT_1787_FR",
            "sellable": true
          }
        ],
        "productName": "健康护理"
      }
    ],
    "shipTo": "FR"
  },
  {
    "productName": "厨房用品",
    "childProductList": [
      {
        "childProductList": [
          {
            "productName": "高压锅",
            "id": "Ch_PT_126_FR",
            "sellable": true
          }
        ],
        "productName": "烹饪器具"
      }
    ],
    "shipTo": "FR"
  },
  {
    "productName": "安保和安全设备",
    "childProductList": [
      {
        "childProductList": [
          {
            "productName": "一氧化碳报警器",
            "id": "Ch_PT_89_FR",
            "sellable": true
          },
          {
            "productName": "可燃气体报警器",
            "id": "Ch_PT_88_FR",
            "sellable": true
          },
          {
            "productName": "防火和防烟面罩",
            "id": "Ch_PT_155_FR",
            "sellable": true
          },
          {
            "productName": "烟雾报警器",
            "id": "Ch_PT_107_FR",
            "sellable": true
          },
          {
            "productName": "烟雾探测器",
            "id": "Ch_PT_108_FR",
            "sellable": false
          }
        ],
        "productName": "安保与安全"
      }
    ],
    "shipTo": "FR"
  },
  {
    "productName": "电子产品",
    "childProductList": [
      {
        "childProductList": [
          {
            "productName": "圆柱形锂离子电池 ",
            "id": "Ch_PT_158_FR",
            "sellable": false
          }
        ],
        "productName": "其他配件"
      }
    ],
    "shipTo": "FR"
  },
  {
    "productName": "其他商品",
    "childProductList": [
      {
        "childProductList": [
          {
            "productName": "叠氮化钠",
            "id": "Ch_PT_435_FR",
            "sellable": false
          }
        ],
        "productName": "化学和生命科学"
      }
    ],
    "shipTo": "FR"
  }
]